Mer Number,Cust-Code,Customer,Cust Part No,Date,Stock,Alloc Stock,Location,PCB Type,Fixture,New1,Partfinished,Notes,Spare1,Spare2,ISSUE LEVEL,Date3,Spare4,Spare5,Spare6,MAT,Fecreator,Toolingdate,Sparealpha,Sparenum,Fulldesc,S1,S2,S3,S4,Sd,Sdd,Newalp,Newalp2,Contimp ,Aalpha,Aalpha2,Numm1,Numm2,Qty Bonds,Qty drills ,Qty layers,Comments,Spared,Spared2,Sparen,Spaa,Spab,Tech,x
K30785,EL010,Elmatica,EP3895D1,28/09/2012,7,,20A,PTH,,,136@OCT'23,,Use Foil,pp,D1,,,ML5b,OGEL,K26695,LQ,01/10/2012,Merlin,2,,,,,,Yes,,,Y,No,,Repeat,,1,,,,,09/02/2015,,,,,,x
K31280,NC003,NCAB Group SWEDEN AB,ELM0004798 EP4268C,10/01/2013,,,,12LYR,19250,,6@PRE/IMM,,Use CAC,pp,C,,,Ml10A,OGEL,NOBUILD,SJ,14/01/2013,Merlin,12,,,,,,Yes,Olek Outer,,Y,No,,Repeat,,4,,,,,20/12/2016,,,,,,x
K32901,NC005,NCAB Norway,6WA20385 ELM0015684 408248C TVMR1092067 R5,02/12/2013,16,,42B,blndflip,,,,,Use CAC,pp,R5,,,ML11a,OGEL,NOBUILD,SG,03/01/2014,Merlin,6,,,Kitron Arendal,,,Yes,Olek Outer,,Y,No,,Repeat,,1,,,,,26/11/2015,,,Yes,,,x
K33059,EL001,Elmatica,8WA21055 4084271  60224724-01 REV.-,13/01/2014,3,,24A,8LYR,,,,,Use CAC,pp,01,,,ML5A,OGEL,K33059,LQ,15/01/2014,Yelasp,8,,,Kitron Arendal,,,Yes,,,Y,No,Done PM 13/01/14,Repeat,,4,,,,,21/10/2015,,,,,,x
K33992,EL001,Elmatica,4087155 MT756 (previous 02844915),27/06/2014,,,,PTH,,,,,Use Foil,ppx,1,,,ML4a,SIEL,NOBUILD,SG,01/07/2014,Merlin,2,,,,,,,,,Y,No,,Repeat,,1,,,,,,,,,,,x
K35990,EL001,Elmatica AS Norway,5999-COM-1940-03.00 JM190815D,24/08/2015,25,,15A,AUTABX,,,,,Use CAC,,00,,,5A001b,OGEL,K35990,SGJ,14/09/2015,Merlin,12,,,SAAB Suvillance,,,Yes,,,Y,Yes,,Repeat,,1,,,,,14/09/2015,,,No,,,x
K37139,EL024,Elmatica AS Germany,ELM0007701 2000000905 TVK1194506R4,08/03/2016,2,,46,4LYR,,,,,Use Foil,,R4,,,ML9A,OGEL,NOBUILD,LQ,21/03/2016,Merlin,4,,,,,,Yes,,,Y,No,,Repeat,,4,,,,,,,,,,,x
K37207,EL024,Elmatica AS Germany,4093893 0130 INTERFACEKORT 2846554,17/03/2016,58,,4,6LYR,,,,,Use Foil,,Rev 1,,,ML4a,SIEL,NOBUILD,LQ,18/03/2016,Merlin,6,,,Kitron,,,Yes,,,Y,No,,Repeat,,3,,,,,,,,,,,x
K37231,CE017,Centum Electronics,T09DL048 1022325 retool now K41803 now K42041,22/03/2016,,,,8LYR,,,,,Use CAC,,002,,,,SIEL,NOBUILD,SGJ,18/04/2016,Merlin,8,,Yes,Thales,,,Yes,,,Y,No,,Repeat,,1,,,,,18/04/2016,,,No,,,x
K37232,CE017,Centum Electronics,1017790 now K40097,22/03/2016,,,,6LYR,"10,836.00",,,,Use CAC,,002,,,,SIEL,NOBUILD,DF,18/04/2016,Merlin,6,,Yes,Thales,,,Yes,,,Y,No,,Repeat,,1,,,,,18/04/2016,,,,,,x
K37233,CE017,Centum Electronics,1018108 now K40888,22/03/2016,,,,PV_BP,,,,,Use CAC,,002,,,,SIEL,K37233,DF,18/04/2016,Merlin,4,,Yes,Thales,,,Yes,,,Y,Yes,,Repeat,,1,,,,,,,,,,,x
K37234,CE017,Centum Electronics,1018426,22/03/2016,,,,6LYR,11282,,,,Use CAC,,2.02,,,,SIEL,K37234,SGJ,18/04/2016,Merlin,6,,Yes,Thales,,,Yes,,,Y,No,,Repeat,,1,,,,,,,,No,,,x
K37274,EL001,Elmatica AS Norway,4094771 60250346-00/-,01/04/2016,100,,39B,PV_BP,,,,,Use CAC,x,No Iss,,,ML5b,OGEL,NOBUILD,NDB,04/04/2016,Merlin,4,,,Kitron,,,Yes,,,Y,No,,Repeat,,1,,,,,04/04/2016,,,,,,x
K37692,EL024,Elmatica AS Germany,4099741 8922961-001,20/06/2016,20,,51,PTH,,,,,Use Foil,,A,,,ML5c,OGEL,NOBUILD,CT,21/06/2016,Merlin,2,,,,,,Yes,,,Y,No,,Repeat,,1,,,,,,,,,,,x
K37706,EL024,Elmatica AS Germany,4100104 CCD EXTENSION 8922263-011,21/06/2016,,,,PV_BP,,,,,Use CAC,x,A,,,ML10a,OGEL,K37706,SGJ,24/06/2016,Merlin,4,,,,,,Yes,,,Y,No,,Repeat,,1,,,,,,,,No,,,x
K37770,EL024,Elmatica AS Germany,4100112 8922262-011,05/07/2016,,,,PTH,,,,,Use Foil,,1,,,10a OME,OGEL,NOBUILD,TM,21/07/2016,jen,2,,,,,,Yes,,,Y,No,,Repeat,,1,,,,,21/07/2016,,,,,,x
K38327,EL024,Elmatica AS Germany,48-4353-0-99 EP4353 Retool now K47503,05/10/2016,,,,etch_mas,16849,,,,Use Foil,x,B,,,,Yes,NOBUILD,LQ,10/10/2016,Merlin,2,,,,,,Yes,,,Y,No,,Repeat,,0,,,,,,,,,,,x
K38351,EL024,Elmatica AS Germany,4101897_1 PB LTM_module 13V,10/10/2016,,,,4LYR,,,,,Use CAC,,1,,,,SIEL,NOBUILD,LQ,18/10/2016,Merlin,4,,,,,,Yes,,,Y,No,,Repeat,,1,,,,,18/10/2016,,,,,,x
K38490,EL024,Elmatica AS Germany,ELM0042206 4100734 Rev1,28/10/2016,,,,PV_BP,,,,,Use CAC,,1,,,ML5b,OGEL,NOBUILD,DF,01/12/2016,Merlin,8,,,,,,Yes,,,Y,No,,Repeat,,4,,,,,01/12/2016,,,,,,x
K38494,NC003,NCAB Group SWEDEN AB,ELM0042172 4100764 Rev 1,28/10/2016,,,,4LYR,,,,,Use CAC,,Rev 1,,,ML5b,OGEL,NOBUILD,TM,01/12/2016,Jen,4,,,Kitron,,,Yes,,,Y,Yes,,Repeat,,1,,,,,,,,,,,x
K39485,EL024,Elmatica AS Germany,8081114 TVKM1170061 R1 (was 4098587),19/04/2017,,,,4LYR,,,,,Use Foil,,R1,,,ML5b,OGEL,NOBUILD,SGJ,24/04/2017,Merlin,4,,,,,,Yes,,,Y,No,,New,,1,,,,,,,,No,,,x
K39489,EL024,Elmatica AS Germany,ELM0046787 4106095 REV 1,19/04/2017,,,,PV_BP_1,19467,,,,Use CAC,,No Iss,,,ML10A,OGEL,NOBUILD,DF,21/04/2017,Merlin,12,,,,,,Yes,,,Y,No,,Up Issue,,4,,,,,,,,Yes,,,x
K39805,EL024,Elmatica AS Germany,EP4557A,12/06/2017,2,,36A,PV_BP,,,,,Use CAC,,A,,,ML5b,OGEL,NOBUILD,TM,13/06/2017,Atoy,4,,,,,,Yes,,,Y,No,,New,,1,,,,,,,,,,,x
K40097,CE017,Centum Electronics,T09DJ919VER003 PPC MACHINING POWER upissue now K45061,09/08/2017,,,,6LYR,,,,,Use CAC,,003,,,,SIEL,NOBUILD,SGJ,10/08/2017,Merlin,6,,,Thales,,,Yes,,,Y,No,,Up issue,,1,,,,,,,,No,,,x
K40188,EL024,Elmatica AS Germany,EP4028B,29/08/2017,2,,15A,PV_BP_NE,,,,,Use CAC,,B,,,ML5b,OGEL,NOBUILD,SGJ,07/09/2017,Merlin,16,,,,,,Yes,,,Y,No,,Re-Tool,,1,,,,,,,,No,,,x
K40208,NC005,NCAB Group Norway,10WA20635 4108860 TVMR1092288/R5,05/09/2017,4,,21A,PV_BP_NE,,,,,Use CAC,,R5,,,ML11,OGEL,NOBUILD,DF,11/09/2017,Merlin,10,,,,,,Yes,,,Y,No,,Up Issue,,1,,,,,,,,,,,x
K40288,EL024,Elmatica AS Germany,401020269A PB Longtail,19/09/2017,,,,PTH,,,,,Use Foil,,A,,,ML14 OME,OGEL,NOBUILD,TM,18/05/2021,Atoy,2,,,,,,,,,Y,No,,New,,1,,,,,,,,,,,x
K40464,EL024,Elmatica AS Germany,401018634A1 Preamp,17/10/2017,,,,4LYR,,,,,Use Foil,,No Iss,,,Ml5b,OGEL,NOBUILD,TM,20/10/2017,Atoy,4,,,,,,Yes,,,Y,No,,New,,1,,,,,,,,,,,x
K40759,EL024,Elmatica AS Germany,EP4640A,16/11/2017,3,,37,PV_BP,,,,,Use CAC,,A,,,ML5b,OGEL,NOBUILD,DF,21/11/2017,Merlin,4,,,,,,Yes,,,Y,No,,New,,1,,,,,,,,,,,x
K40794,EL024,Elmatica AS Germany,ELM0052058 LFSWEP4613B,24/11/2017,,,,PV_BP,,,,,Use CAC,,B,,,ML9A1,OGEL,NOBUILD,RM,09/11/2018,Jen,6,,,,,,Yes,,,Y,No,ITAR,Up Issue,,4,,,,,,,,,,,x
K40860,EL024,Elmatica AS Germany,401021639A Backplan PWM,07/12/2017,,,,6LYR,,,,,Use CAC,,A,,,"ML14 OME",OGEL,NOBUILD,LQ,08/12/2017,Jen,6,,,,,,Yes,,,Y,No,,New,,1,,,,,,,,,,,x
K40888,CE017,Centum Electronics,T09DJ989VER003 1018108 Upissue now K45774,12/12/2017,,,,PV_BP,,,,,Use CAC,,2,,,,SIEL,NOBUILD,DF,20/12/2017,Merlin,4,,,Thales,,,Yes,,,Y,Yes,,Re-Tool,,1,,,,,,,,,,,x
K40896,CE017,Centum Electronics,T09DT601VER001 PPC Machining Transmitter,13/12/2017,,,,6LYR,,,,,Use Foil,,1,,,,SIEL,NOBUILD,DF,18/12/2017,Merlin,6,,,Thales,,,Yes,,,Y,No,,New,,1,,,,,,,,,,,x
K41032,EL024,Elmatica AS Germany,EP4589B,23/01/2018,,,,8LYR,,,,,Use CAC,,B,,,ML5b,OGEL,NOBUILD,LQ,25/01/2018,Jen,8,,,,,,Yes,,,Y,No,,New,,1,,,,,,,,,,,x
K41128,EL024,Elmatica AS Germany,4111605_1 8920260-021,07/02/2018,8,,35,PV_BP,,,,,Use Foil,,A,,,ML10A,OGEL,NOBUILD,JA,11/05/2020,Jen,8,,,,,,Yes,,,Y,No,,New,,4,,,,,,,,,,,x
K41177,CE017,Centum Electronics,T09DT601VER001 PPC Machining Transmitter upissue now K45775,16/02/2018,,,,6LYR,,,,,Use Foil,,1,,,,SIEL,NOBUILD,CT,16/02/2018,Merlin,6,,,Thales,,,Yes,,,Y,No,,Retool,,1,,,,,,,,,,,x
K41212,EL024,Elmatica AS Germany,EP4590B,22/02/2018,,,,6LYR,,,,,Use Foil,,B,,,ML5b,OGEL,NOBUILD,SGJ,23/02/2018,Merlin,6,,,,,,Yes,,,Y,No,,New,,1,,,,,,,,No,,,x
K41213,EL024,Elmatica AS Germany,EP4591B1,22/02/2018,,,,6LYR,,,,,Use Foil,,B1,,,ML5b,OGEL,NOBUILD,DF,23/02/2018,Merlin,6,,,,,,Yes,,,Y,No,,New,,1,,,,,,,,,,,x
K41803,CE017,Centum Electronics,(DL048) 1022325 Corvid Digital PEC (MCT Panel) Iss 2,03/07/2018,,,,8LYR,,,,,,,2,,,,SIEL,NOBUILD,,,,8,,,Thales,,,Yes,,,,No,,Re-Tool,,1,,,,,,,,,,,x
K41848,EL024,Elmatica AS Germany,EP4592A,11/07/2018,2,,43A,4LYR,,,10@OCT'23,,Use CAC,,A,,,ML5b,OGEL,NOBUILD,SGJ,17/07/2018,Merlin,4,,,SAAB,,,Yes,,,Y,No,,New,,1,,,,,,,,No,,,x
K42022,EL024,Elmatica AS Germany,EP4067C retool now K48535,13/08/2018,,,,saab,18103/18115/18116,,,,Use CAC,,C,,,ML5c,OGEL,NOBUILD,RM,13/11/2018,Merlin,6,,,,,,Yes,,,Y,No,,Up Issue,,1,,,,,,,,No,,,x
K42041,CE017,Centum Electronics,T09DL048 1022325 upissue now K45062,16/08/2018,,,,8LYR,,,,,Use CAC,x,2,,,,SIEL,NOBUILD,NDB,16/08/2018,Merlin,8,,,Thales,,,,,,Y,Yes,,Re-Tool,,1,,,,,,,,,,,x
K42048,EL001,Elmatica AS Norway,4108223  8845762641 A PCB Mainboard VTess LT,17/08/2018,,,,6Sx2-BP,,,,,Use CAC,,A,,,ML14,OGEL,NOBUILD,NB,09/10/2018,Merlin,6,,,,,,Yes,,,Y,No,,Re-Tool,,1,,,,,,,,Yes,,,x
K42258,EL001,Elmatica AS Norway,4103173 60257341-00 B PCB SERVO AMPLIFIER CARD,26/09/2018,26,,46,8LYR,,,,,Use CAC,x,B,,,ML5b,OGEL,NOBUILD,SGJ,08/10/2018,Merlin,8,,,,,,Yes,,,Y,No,,New,,1,,,,,22/02/2021,01/03/2021,,No,,,x
K42560,EL024,Elmatica AS Germany,ELM0092616 4166782,05/12/2018,1,,19A,PV_BP,,,16@MAY'24,,Use Foil,,A,,,ML9A,OGEL,NOBUILD,SGJ,06/12/2018,Merlin,4,,,,,,,,,Y,No,,New,,4,,,,,,,,No,,,x
K42561,EL024,Elmatica AS Germany,EP4636A - R-EP4636 Upissue now K46016,05/12/2018,,,,4LYR,,,,,Use CAC,,A,,,,Yes,NOBUILD,TM,07/12/2018,Atoy,4,,,,,,,,,Y,No,,New,,,,,,,,,,,,,x
K42562,EL001,Elmatica AS Norway,9101179 P101221-r89134 upissue now K43864,05/12/2018,,,,6LYR,13781/13802,,,,Use CAC,,No Iss,,,,Yes,NOBUILD,TM,07/12/2018,Atoy,6,,Yes,,,,,,,Y,No,,New,,,,,,,,,,,,,x
K42694,EL024,Elmatica AS Germany,EP4044A1,14/01/2019,,,,4LYR,17973,,,,Use Foil,,A1,,,ML5b,OGEL,NOBUILD,TM,16/01/2019,Atoy,4,,,,,,,,,Y,No,,New,,1,,,,,,,,,,,x
K42742,EL001,Elmatica AS Norway,4039362  3AQ24341AAAA Ed. 01,23/01/2019,,,,PTH,,,,,Use Foil,,1,,,ML11a,OGEL,NOBUILD,TM,28/01/2019,Jen,2,,,,,,,,,Y,No,,New,,1,,,,,,,,,,,x
K42894,EL024,Elmatica AS Germany,EP4580B,22/02/2019,,,,PV_BP,,,,,Use CAC,,B,,,,OGEL,NOBUILD,CT,27/02/2019,Atoy,6,,,,,,,,,Y,No,,Up Issue,,1,,,,,,,,,,,x
K42982,EL001,Elmatica AS Norway,4118390 3AQ 26535 AAAA PB,14/03/2019,600,,23A,PV_BP,,,,,Use CAC,,01,,,ML11E,OGEL,NOBUILD,TM,25/03/2019,Merlin,2,,,,,,,,,Y,,,Re-Tool,,1,,,,,,,,,,,x
K43052,EL024,Elmatica AS Germany,4076185 05229511 HEAT551,29/03/2019,320,,37,PTH,,,,,Use Foil,x,No Iss,,,ML4b,SIEL,NOBUILD,CT,10/05/2019,Merlin,2,,,,,,,,,Y,No,,New,,1,,,,,,,,,,,x
K43115,EL001,Elmatica AS Norway,4110626 3AQ29239AAAA PB TMC TCE -621/B Ed.01,10/04/2019,40,,15A,6LYR,,,,,Use CAC,,1,,,ML-11a,OGEL,NOBUILD,CT,15/04/2019,Merlin,6,,,,,,,,,Y,No,,New,,1,,,,,,,,,,,x
K43213,EL024,Elmatica AS Germany,ELM0094098 EP3952A Rev A,08/05/2019,32,,39,PTH,,,,,Use CAC,,A,,,ML9A,OGEL,NOBUILD,TM,13/05/2019,Atoy,2,,,,,,,,,Y,No,,New,,4,,,,,17/05/2024,,,,,,x
K43216,EL024,Elmatica AS Germany,EP4218A,08/05/2019,,,,PTH,,,318@APR'24,,Use Foil,,A,,,ML5b,OGEL,NOBUILD,NDB,09/05/2019,Merlin,2,,,,,,,,,Y,No,,New,,1,,,,,,,,,,,x
K43292,EL024,Elmatica AS Germany,EP4510A,22/05/2019,1,,3,4LYR,,,,,Use Foil,x,A,,,ML5A,OGEL,NOBUILD,CT,24/05/2019,Merlin,4,,,,,,,,,Y,No,,Re-Tool,,0,,,,,,,,,,,x
K43297,EL024,Elmatica AS Germany,EP3169 Iss B,23/05/2019,,,,12LYR,,,,,Use Foil,x,B,,,ML5b,OGEL,NOBUILD,DF,28/05/2019,Merlin,12,,,,,,,,,Y,No,,New,,1,,,,,,,,,,,x
K43309,TH024,"Thales Defense & Secuirty, Inc",DC719 Rev 2 (Top level Thales ) PPC Machining PIM (1002245-1),24/05/2019,,,,ml_pnl,,,,,Use Foil,,1,,,,SIEL,NOBUILD,CT,23/07/2019,Merlin,4,,Yes,Thales,,,,,,Y,No,,Re-Tool,,1,,,,,,,,,,,x
K43319,EL024,Elmatica AS Germany,TVAM1170424_R1 Utfyllnadskort 400um,29/05/2019,48,,11,UNCLAD,,,,,Use CAC,,R1,,,ML4A,OGEL,NOBUILD,NDB,31/05/2019,Merlin,0,,,,,,,,,,No,,New,,6,,,,,,,,,,,x
K43320,EL024,Elmatica AS Germany,TVAM1170423_R1 Utfyllnadskort 300um,29/05/2019,45,,10,UNCLAD,,,,,Use CAC,,R1,,,ML4A,OGEL,NOBUILD,NDB,31/05/2019,Merlin,0,,,,,,,,,,No,,New,,6,,,,,,,,,,,x
K43329,TH024,"Thales Defense & Secuirty, Inc",DC729 Rev 1 PPC Machining S & A2 1002261 Rev 001 & RFI N22138,30/05/2019,,,,ml_pnl,,,,,Use Foil,,1,,,,SIEL,NOBUILD,CT,17/09/2019,Merlin,6,,Yes,Thales,,,,,,Y,No,,Repeat,,1,,,,,,,,,,,x
K43360,EL024,Elmatica AS Germany,2000002684 TVK1174322 R1,10/06/2019,7,,47,4LYR,,,,,Use CAC,,R1,,,ML5b,OGEL,NOBUILD,SGJ,12/06/2019,Merlin,4,,,,,,,,,Y,No,,Re-Tool,,1,,,,,,,,No,,,x
K43389,EL024,Elmatica AS Germany,8081044 TVA1174471R2,19/06/2019,,,,PTH,,,,,Use Foil,,R2,,,ML5b,OGEL,NOBUILD,CT,20/06/2019,Jen,2,,,,,,,,,Y,No,,New,,1,,,,,,,,,,,x
K43390,EL024,Elmatica AS Germany,8081045 TVA1174469R1,19/06/2019,,,,PTH,,,,,Use Foil,,R1,,,ML5b,OGEL,NOBUILD,SGJ,20/06/2019,Merlin,2,,,,,,,,,Y,No,,New,,1,,,,,,,,No,,,x
K43399,EL024,Elmatica AS Germany,2000002677 TVA1194879 R2,20/06/2019,2,,50A,PTH,,,,,Use Foil,,R2,,,ML5b,OGEL,NOBUILD,SGJ,27/06/2019,Merlin,2,,,,,,,,,Y,No,,New,,1,,,,,,,,No,,,x
K43406,EL024,Elmatica AS Germany,2000003254 TVA1194787 R2,20/06/2019,1,,47,PTH,19032,,,,Use Foil,x,R2,,,ML5b,OGEL,NOBUILD,SGJ,27/06/2019,Merlin,2,,,,,,,,,Y,No,,New,,1,,,,,,,,No,,,x
K43408,EL024,Elmatica AS Germany,2000002682 TVA2192927 R2,20/06/2019,,,,PTH,,,,,Use Foil,,R2,,,ML5b,OGEL,NOBUILD,SGJ,09/07/2019,Merlin,2,,,,,,,,,Y,No,,New,,1,,,,,,,,No,,,x
K43409,EL001,Elmatica AS Norway,4108005 3AQ22233AAAA PB TMC/C2 Ed 02,21/06/2019,80,,30A,PV_BP,,,,,Use CAC,,02,,,ML5b,OGEL,K43409,DF,25/06/2019,Merlin,6,,,,,,,,,Y,Yes,,New,,1,,,,,,,,,,,x
K43452,EL024,Elmatica AS Germany,8379061-032_A PCB Common Power Switch (x6),01/07/2019,,,,6LYR,,,,,Use Foil,,A,,,ML5b,OGEL,NOBUILD,NDB,09/07/2019,Jen,6,,,,,,,,,Y,No,,Up Issue,,1,,,,,,,,,,,x
K43453,EL024,Elmatica AS Germany,"1860-5233,  1860-5283 PB TX 401025007 REV.B UTG.2",01/07/2019,2,,7,ml_pnl,,,,,Use CAC,,B,,,ML4a,SIEL,NOBUILD,CT,05/07/2019,Jen,12,,,,,,,,,Y,No,,Up Issue,,3,,,,,,,,,,,x
K43493,EL024,Elmatica AS Germany,2000001981 TVA2193053_R1,10/07/2019,2,,23,SS,18889,,,,Use Foil,,R1,,,ML5b,OGEL,NOBUILD,CT,11/07/2019,Atoy,1,,,,,,,,,,No,,New,,1,,,,,,,,,,,x
K43581,EL024,Elmatica AS Germany,EP4242A,07/08/2019,24,,12A,PTH,,,,,Use Foil,,A,,,ML9A,OGEL,NOBUILD,TM,12/08/2019,Jen,2,,,,,,,,,Y,No,,New,,4,,,,,,,,,,,x
K43583,EL024,Elmatica AS Germany,EP2543D1,07/08/2019,,,,8LYR,,,,,Use Foil,,D1,,,ML5b,OGEL,NOBUILD,DF,09/08/2019,Merlin,8,,,,,,,,,Y,,,New,,1,,,,,,,,,,,x
K43584,EL024,Elmatica AS Germany,EP4179 retool now K48230,07/08/2019,,,,6LYR,,,,,Use CAC,,C,,,ML5b,OGEL,NOBUILD,JA,09/08/2019,Jen,6,,,,,,,,,Y,No,,New,,1,,,,,,,,,,,x
K43585,EL024,Elmatica AS Germany,EP4031A,07/08/2019,,,,PTH,,,,,Use CAC,x,A,,,ML5b,OGEL,NOBUILD,AM,09/08/2019,Anne,2,,,,,,,,,Y,No,,New,,1,,,,,,,,,,,x
K43589,EL024,Elmatica AS Germany,EP2568C1,08/08/2019,7,,38A,4LYR,,,,,Use CAC,,C1,,,ML5b,OGEL,NOBUILD,AM,12/08/2019,Anne,4,,,,,,,,,Y,No,,New,,1,,,,,,,,,,,x
K43592,EL024,Elmatica AS Germany,EP2558C2,08/08/2019,,,,PTH,,,,,Use Foil,,C2,,,ML5b,OGEL,NOBUILD,TM,16/08/2019,Atoy,2,,,,,,,,,Y,No,,New,,1,,,,,,,,,,,x
K43605,EL024,Elmatica AS Germany,RP259020 mid plate,12/08/2019,7,,UNCLAD,UNCLAD,,,90@AUG'24,,Use CAC,,1,,,ML9A,OGEL,NOBUILD,NDB,16/08/2019,Merlin,1,,,,,,,,,,No,,New,,4,,,,,,,,,,,x
K43625,TH024,"Thales Defense & Security, Inc","DX923 Rev 002 1047754 Rev 002 //1047733(Biscuit) Rev 002, 1047753 (Gerber) Rev 001.",15/08/2019,,,,8LYR,,,,,Use CAC,,1,,,,SIEL,NOBUILD,DF,19/08/2019,Merlin,8,,,Thales,,,,,,Y,No,,New,,1,,,,,,,,,,,x
K43629,EL001,Elmatica AS Norway,9101901-4A PCB 60181527-01 Rev D,15/08/2019,,,,PV_BP,,,,,Use Foil,,D,,,ML4,SIEL,NOBUILD,TM,05/08/2020,Anne,4,,,,,,,,,Y,No,,New,,1,,,,,,,,,,,x
K43647,EL024,Elmatica AS Germany,TVM1139404-R1 2000001779,19/08/2019,4,,44A,4LYR,,,,,Use Foil,,R1,,,ML5b,OGEL,NOBUILD,SGJ,11/09/2019,Merlin,4,,,,,,,,,Y,No,,New,,1,,,,,,,,No,,,x
K43649,EL024,Elmatica AS Germany,TVA1175143_R1 2000004261,19/08/2019,13,,38A,PTH,,,,,Use CAC,,R1,,,ML5b,OGEL,NOBUILD,AB,02/09/2019,Atoy,2,,,,,,,,,Y,No,,New,,1,,,,,,,,,,,x
K43672,EL001,Elmatica AS Norway,4127355 PCB XSR Power Module GEC10047B-D,23/08/2019,,,,PV_BP,,,,ON HOLD S,Use CAC,,No Iss,,,,Yes,NOBUILD,CT,30/08/2019,Jen,6,,,,,,,,,Y,No,,New,,0,,,,,,,,,,,x
K43679,EL024,Elmatica AS Germany,TVA1194676 R7,27/08/2019,,,,PV_BP,,,,,Use CAC,,R7,,,ML5b,OGEL,NOBUILD,CT,10/09/2019,Anne,2,,,,,,,,,Y,No,,New,,1,,,,,,,,,,,x
K43682,EL024,Elmatica AS Germany,2000002686  TVK1174336_R3 retool now K48491,27/08/2019,,,,4LYR,,,,,Use Foil,,R3,,,ML5b,OGEL,NOBUILD,CT,02/09/2019,Atoy,4,,,,,,,,,Y,No,,New,,1,,,,,,,,,,,x
K43697,EL024,Elmatica AS Germany,ELM0068483 LFSWEP4143A,30/08/2019,10,,22A,PTH,,,,,Use Foil,,A,,,ML5b,OGEL,NOBUILD,CT,03/09/2019,Anne,2,,,,,,,,,Y,No,,New,,1,,,,,,,,,,,x
K43698,EL024,Elmatica AS Germany,ELM0094033 LFSWEP4141A,31/08/2019,,,,PTH,,,,,Use Foil,,A,,,ML5b,OGEL,NOBUILD,CT,03/09/2019,Jen,2,,,,,,,,,Y,No,,New,,1,,,,,,,,,,,x
K43712,EL024,Elmatica AS Germany,EP4786A,03/09/2019,4,,41A,PV_BP,,,,,Use Foil,,A,,,ML10A,OGEL,NOBUILD,TM,04/09/2019,Jen,8,,,,,,,,,Y,No,,New,,4,,,,,,,,,,,x
K43721,EL024,Elmatica AS Germany,EP3429B,04/09/2019,1,,45A,14LYR,18167,,,,Use CAC,,B,,,ML5b,OGEL,NOBUILD,NDB,09/09/2019,Jen,14,,,,,,,,,Y,No,,New,,1,,,,,,,,,,,x
K43723,EL024,Elmatica AS Germany,4111001_1_zip (22PCB DOC - 1284594 - 1 -A1) -1  8901275-001,05/09/2019,9,,12,ml_pnl,,,,,Use CAC,,1,,,ML5a,OGEL,NOBUILD,NDB,20/09/2019,Merlin,6,,,,,,,,,Y,Yes,,Up Issue,,1,,,,,,,,,,,x
K43787,EL024,Elmatica AS Germany,1860-5309 NLT_IOU_Base Rev A UTG 1,17/09/2019,,,,14LYR,,,,,Use CAC,,A,,,ML4A,OGEL,NOBUILD,SGJ,20/09/2019,Merlin,14,,,,,,,,,Y,No,,Up Issue,,6,,,,,,,,No,,,x
K43822,EL024,Elmatica AS Germany,EP2290b,01/10/2019,,,,PTH,,,,,Use Foil,,b,,,ML5b,OGEL,NOBUILD,CT,02/10/2019,Anne,2,,,,,,,,,Y,No,,New,,1,,,,,,,,,,,x
K43859,EL024,Elmatica AS Germany,2000005064  TVA1194783_R3,08/10/2019,8,,43,PTH,,,,,Use Foil,,R3,,,ML5b,OGEL,NOBUILD,TM,22/10/2019,Jen,2,,,Beyond Gravity,,,,,,Y,No,,New,,1,,,,,,,,,,,x
K43861,EL024,Elmatica AS Germany,EP4473 Rev 1.1,08/10/2019,4,,20,4LYR,,,,,Use Foil,,1.1,,,ML5b,OGEL,NOBUILD,CT,22/10/2019,Merlin,4,,,,,,,,,Y,No,,New,,1,,,,,,,,,,,x
K43875,EL024,Elmatica AS Germany,EP4305A,08/10/2019,,,,PTH,,,,,Use Foil,,A,,,ML5b,OGEL,NOBUILD,TM,17/10/2019,Anne,2,,,,,,,,,Y,No,,New,,1,,,,,,,,,,,x
K43897,EL024,Elmatica AS Germany,EP4481B1,15/10/2019,54,,Despatch,PTH,,,,,Use CAC,,B1,,,ML,OGEL,NOBUILD,CT,16/10/2019,Anne,2,,,,,,,,,Y,No,,Up Issue,,6,,,,,,,,,,,x
K43934,EL024,Elmatica AS Germany,4127885  PCB Test Adapter B214A 2834105_B,22/10/2019,3,,49A,4LYR,,,,,Use Foil,,B,,,ML,OGEL,NOBUILD,CT,29/10/2019,Anne,4,,,,,,,,,Y,No,,New,,5,,,,,,,,,,,x
K43961,IN059,Intracom Defense Single Member,F07-A04/45 upissue now K48382,24/10/2019,,,,14Sx2-BP,18105/18120,,,,Use CAC,,D2,,,ML5b,OGEL,NOBUILD,DF,31/10/2019,Merlin,14,,,,,,,,,Y,Yes,,New,,1,,,,,,,,Yes,,,x
K43975,EL024,Elmatica AS Germany,1860-5342  PCB Alignment Electronics 401019221,29/10/2019,,,,6LYR,,,,,Use CAC,,No Iss,,,,SIEL,NOBUILD,NDB,05/11/2019,Jen,6,,,,,,,,,Y,Yes,,New,,1,,,,,,,,,,,x
K44005,EL024,Elmatica AS Germany,8379266-001 A PWB TTL Controller Module,06/11/2019,,,,4LYR,,,,,Use Foil,,A,,,ML5b,OGEL,NOBUILD,TM,07/11/2019,Atoy,4,,,,,,,,,Y,No,,New,,1,,,,,,,,,,,x
K44027,EL024,Elmatica AS Germany,EP4732B retool now K49354,08/11/2019,,,,4LYR,17901,,,,Use Foil,x,B,,,,Yes,NOBUILD,CT,11/11/2019,Anne,4,,,,,,,,,Y,No,ITAR,Up Issue,,,,,,,,,,,,,x
K44037,EL024,Elmatica AS Germany,EP4719A Also K45393,11/11/2019,,,,PTH,,,223@JUL'24,,Use Foil,,A,,,ML9A,OGEL,NOBUILD,AM,13/11/2019,Anne,2,,,,,,,,,Y,No,,New,,4,,,,,,,,,,,x
K44071,EL024,Elmatica AS Germany,8379261-202 A PCB Common Relay Card (x12),19/11/2019,12,,43,8LYR,,,,,Use CAC,,A,,,ML5b,OGEL,NOBUILD,CT,20/11/2019,Anne,8,,,,,,,,,Y,No,,New,,1,,,,,,,,,,,x
K44105,EL024,Elmatica AS Germany,EP2557D1,26/11/2019,8,,42B,6LYR,,,,,Use CAC,,D1,,,ML9A,OGEL,NOBUILD,AM,02/12/2019,Merlin,6,,,,,,,,,Y,No,,New,,4,,,,,,,,,,,x
K44130,EL024,Elmatica AS Germany,ELM0071033 EP4784,29/11/2019,12,,37,PV_BP,19403,,,,Use CAC,x,A,,,ML5b,OGEL,NOBUILD,DF,02/12/2019,Merlin,10,,,,,,,,,Y,Yes,,,,1,,,,,,,,,,,x
K44132,EL024,Elmatica AS Germany,1860-5359  PCB NLT_BAT_BICH 401026966 Rev A UTG 1,02/12/2019,,,,4LYR,19510,,,,Use Foil,x,A,,,Ml4A,OGEL,NOBUILD,TM,04/12/2019,Atoy,4,,,,,,,,,Y,No,,New,,5,,,,,,,,,,,x
K44237,NC002,NCAB Group Finland OY,ELM0071059 LFSWEP4386A,03/01/2020,6,,30,6LYR,,,,,Use CAC,,A,,,ML5b,OGEL,NOBUILD,CT,07/01/2020,Jen,6,,,,,,,,,Y,No,,New,,4,,,,,,,,,,,x
K44249,EL024,Elmatica AS Germany,TVK1194782_R3,10/01/2020,2,,43A,PTH,,,18@OCT'23,,Use Foil,,R3,,,ML5b,OGEL,NOBUILD,JA,13/01/2020,Jen,2,,,Beyond Gravity,,,,,,Y,No,,New,,1,,,,,,,,,,,x
K44268,EL001,Elmatica AS Norway,4125020 GE8614T201 Rev A,15/01/2020,20,,47,6LYR,,,,,Use Foil,,A,,,ML6a,OGEL,NOBUILD,CT,15/01/2020,Atoy,6,,,,,,,,,Y,,,Up Issue,,1,,,,,,,,,,,x
K44390,EL024,Elmatica AS Germany,TVMM6050015-R1 now ELM0072191 8081109,05/02/2020,,,,PV_BP,,,,,Use CAC,x,1,,,ML5b,OGEL,NOBUILD,DF,12/02/2020,Merlin,8,,,,,,,,,Y,No,,New,,1,,,,,,,,,,,x
K44411,EL024,Elmatica AS Germany,EP2489C1,06/02/2020,4,,48,4LYR,,,,,Use Foil,,C,,,ML5a,OGEL,NOBUILD,CT,15/02/2020,Anne,4,,,,,,,,,Y,No,,New,,1,,,,,,,,,,,x
K44417,EL024,Elmatica AS Germany,ELM0094102 LFSWEP4655B,07/02/2020,11,,18B,PV_BP,,,,,Use CAC,,B,,,ML5a,OGEL,NOBUILD,TM,14/02/2020,Atoy,6,,,,,,,,,Y,No,,New,,4,,,,,,,,,,,x
K44418,EL024,Elmatica AS Germany,EP4406A,07/02/2020,12,,24A,PTH,,,,,Use Foil,,A,,,ML5b,OGEL,NOBUILD,LQ,13/02/2020,Merlin,2,,,,,,,,,Y,No,,New,,4,,,,,,,,,,,x
K44462,EL024,Elmatica AS Germany,48-4133-0 EP4133B also K49431 now K49456,13/02/2020,,,,PTH,,,,,Use Foil,,B,,,ML5b,OGEL,NOBUILD,CT,15/02/2020,Anne,2,,,,,,,,,Y,No,,New,,1,,,,,,,,,,,x
K44514,EL001,Elmatica AS Norway,4102826 60257339-00 PCB Protech Trigger Rev C,20/02/2020,,,,PV_BPX,,,,,Use CAC,,C,,,ML5a,OGEL,NOBUILD,NDB,29/02/2020,Merlin,4,,,,,,,,,Y,No,,Re-Tool,,1,,,,,,,,,,,x
K44537,EL024,Elmatica AS Germany,4130180,24/02/2020,8,,46A,6LYR,,,,,Use Foil,,A,,,ML5b,OGEL,NOBUILD,DF,26/02/2020,Merlin,6,,,,,,,,,Y,No,,New,,1,,,,,,,,,,,x
K44540,TH024,"Thales Defense & Security, Inc",EF863 1068741 Rev 1 Retool now K44912,24/02/2020,,,,6LYR,15049/17963/18311,,,,Use CAC,,1,,,,SIEL,NOBUILD,SGJ,03/03/2020,Merlin,6,,,Thales,,,,,,Y,No,,New,,1,,,,,,,,No,,,x
K44545,EL024,Elmatica AS Germany,4131565_1 PCB VIP1_3U 30001529-001_A Retool now K48075,24/02/2020,,,,PV_BP,,,,,Use CAC,,1,,,ML5b,OGEL,NOBUILD,NDB,25/02/2020,Merlin,18,,,,,,,,,Y,Yes,,New,,1,,,,,,,,,,,x
K44548,EL024,Elmatica AS Germany,TVKM1170393_R2 upissue now K48505,25/02/2020,,,,PV_BP,,,,ON HOLD S,Use Foil,,R2,,,,Yes,NOBUILD,DF,02/03/2020,Merlin,6,,,,,,,,,Y,No,,New,,,,,,,,,,,,,x
K44576,EL024,Elmatica AS Germany,8081058  TVKM1170064_R5,28/02/2020,4,,4A,6LYR,18954,,,,Use CAC,,R5,,,ML5b,OGEL,NOBUILD,CT,06/03/2020,Jen,6,,,,,,,,,Y,No,,New,,1,,,,,,,,,,,x
K44619,EL024,Elmatica AS Germany,8081119  TVKM1170063_R4,05/03/2020,,,,PV_BP,,,,,Use CAC,,R4,,,ML5b,OGEL,NOBUILD,NDB,17/04/2020,Merlin,6,,,,,,,,,Y,No,,New,,1,,,,,,,,,,,x
K44634,EL024,Elmatica AS Germany,8081116  TVKM1170165 R1,06/03/2020,18,,18A,PTH,,,,,Use CAC,,R1,,,ML5b,OGEL,NOBUILD,AM,12/03/2020,Anne,2,,,,,,,,,Y,No,,New,,1,,,,,,,,,,,x
K44651,EL024,Elmatica AS Germany,8081048 TVKM1170378_R1,09/03/2020,,,,PTH,,,,,Use CAC,,R1,,,ML10A,OGEL,NOBUILD,NDB,12/03/2020,Merlin,2,,,,,,,,,Y,No,,New,,4,,,,,,,,,,,x
K44661,EL024,Elmatica AS Germany,TVKM1170176-R3 8081123,10/03/2020,,,,PTH,,,,,Use CAC,,R3,,,ML5b,OGEL,NOBUILD,CT,13/03/2020,Anne,2,,,,,,,,,Y,No,,New,,1,,,,,,,,,,,x
K44688,EL001,Elmatica AS Norway,PBZ852.08 Blankboard MRD7 - RF7 IF2 & HF Switch,17/03/2020,,,,PTH,,,,,Use Foil,,08,,,ML5b,OGEL,NOBUILD,CT,23/03/2020,Merlin,2,,,,,,,,,Y,No,,New,,1,,,,,,,,,,,x
K44689,EL001,Elmatica AS Norway,PBZ853.06 Blankboard HF Stage,17/03/2020,,,,depth_dr,,,,,Use Foil,x,06,,,ML5b,OGEL,NOBUILD,CT,19/03/2020,Atoy,4,,,,,,,,,Y,No,,New,,1,,,,,,,,Yes,,,x
K44695,EL024,Elmatica AS Germany,ELM0073957 8081110 Re-tool also K50385,18/03/2020,,,,PV_BP_RT,19448/19513,,,,Use CAC,,R3,,,ML5b,OGEL,NOBUILD,TM,25/03/2020,Jen,6,,,,,,,,,Y,No,,New,,4,,,,,,,,,,,x
K44782,EL024,Elmatica AS Germany,EP4524B,01/04/2020,,,,PTH,,,,,Use Foil,,B,,,ML10A,OGEL,NOBUILD,TM,07/04/2020,Anne,2,,,,,,,,,Y,No,,New,,4,,,,,,,,,,,x
K44786,EL024,Elmatica AS Germany,ELM0090012 8081249,02/04/2020,45,,32B,4LYR,,,,,Use CAC,,R2,,,ML5b,OGEL,NOBUILD,DF,07/04/2020,Merlin,4,,Yes,Hanza,,,,,,Y,Yes,,New,,4,,,,,,,,,,,x
K44787,EL024,Elmatica AS Germany,EP4127A,02/04/2020,,,,12LYR,,,,,Use CAC,,A,,,ML5b,OGEL,NOBUILD,CT,07/04/2020,Jen,12,,,,,,,,,Y,No,,New,,1,,,,,,,,,,,x
K44819,EL024,Elmatica AS Germany,TVK2192935_R1,08/04/2020,2,,44A,4LYR,18778,,,,Use Foil,,R1,,,ML5b,OGEL,NOBUILD,CT,14/04/2020,Anne,4,,,Beyond Gravity,,,,,,Y,No,,New,,1,,,,,,,,,,,x
K44847,EL024,Elmatica AS Germany,8081118 TVKM1170128,15/04/2020,,,,rt1,,,,,Use Foil,,R1,,,ML5b,OGEL,NOBUILD,TM,21/04/2020,Jen,10,,,,,,,,,Y,No,,New,,1,,,,,,,,,,,x
K44852,EL024,Elmatica AS Germany,8081128  TVKM1170348 R1,16/04/2020,,,,6LYR,,,,,Use Foil,,R1,,,ML5b,OGEL,NOBUILD,SGJ,04/05/2020,Merlin,6,,,,,,,,,Y,No,,New,,1,,,,,,,,No,,,x
K44885,EL024,Elmatica AS Germany,4115758 3AQ 26415 AAAA PB PCM Ed.3,23/04/2020,,,,PV_BP,,,,,Use CAC,x,3,,,ML5b,OGEL,K44885,CR,29/04/2020,Merlin,6,,,,,,,,,Y,No,,Re-Tool,,4,,,,,,,,,,,x
K44912,TH024,"Thales Defense & Security, Inc",EF863,01/05/2020,,,,6LYR,16518,,,,Use CAC,,1,,,,SIEL,K44912,DF,26/05/2020,Merlin,6,,,Thales,,,,,032264 issue 1,Y,No,,Up Issue,,1,,,,,,,,,,,x
K44941,EL024,Elmatica AS Germany,TVKM1170313 R1,11/05/2020,23,,19,4LYR,,,,,Use CAC,,R1,,,ML5b,OGEL,NOBUILD,CT,12/05/2020,Anne,4,,,,,,,,,Y,,,New,,1,,,,,,,,,,,x
K44945,EL024,Elmatica AS Germany,ELM0053595 4111606,11/05/2020,5,,33A,PV_BP,,,,,Use Foil,,A,,,ML10A,OGEL,K44945,CT,19/05/2020,Merlin,8,,,,,,,,,Y,No,,Re-Tool,,4,,,,,,,,,,,x
K45011,EL024,Elmatica AS Germany,ELM0076151 1860-5401,28/05/2020,4,,13,4LYR,,,,,Use CAC,00,,,,ML9A,OGEL,NOBUILD,TM,,Atoy,,,,,,,,,,Y,No,,New,,4,,,,,,,,,,,
K45004,EL024,Elmatica AS Germany,EP4835A,27/05/2020,,,,PV_BP_2,,,,,Use CAC,,A,,,ML9A,OGEL,NOBUILD,DF,01/06/2020,Merlin,12,,,SAAB Suvillance,,,,,,,,,,,,,,,,,,,,,,
K45061,CE017,Centum Electronics,T09EH064VER001 PPC Machining Power Conditioni retool now K49080,12/06/2020,,,,6LYR,,,,,Use CAC,x,001,,,,SIEL,NOBUILD,DF,23/06/2020,Merlin,6,,,Thales,,,,,,Y,No,,Up Issue,,1,,,,,,,,,,,x
K45062,CE017,Centum Electronics,T09EH124VER001 Panel Printed Circuit Machinin,12/06/2020,,,,8LYR,,,,,Use CAC,,001,,,ML4a,SIEL,NOBUILD,DF,23/06/2020,Merlin,8,,,Thales,,,,,,Y,No,,Up Issue,,2,,,,,,,,,,,x
K45074,EL024,Elmatica AS Germany,4147837 Rev 1 PSM VPU 28V 20005183 -003A,16/06/2020,,,,PV_BP,18068,,,,Use Foil,,1,,,ML5b,OGEL,NOBUILD,CT,22/06/2020,Anne,10,,,SAAB,,,,,,Y,No,,Up Issue,,1,,,,,,,,,,,x
K45081,EL024,Elmatica AS Germany,TVA1194880_R2 Mech. DesignedPW Board,17/06/2020,3,,48,PTH,,,,,Use Foil,,R2,,,ML5b,OGEL,K45081,CT,03/07/2020,Merlin,2,,,,,,,,,Y,No,,Re-Tool,,1,,,,,,,,,,,x
K45084,EL024,Elmatica AS Germany,8081145   TVKM1170280R2,17/06/2020,,,,4LYR,,,,,Use CAC,x,NO ISS,,,ML9A,OGEL,NOBUILD,CT,26/06/2020,Atoy,4,,,SAAB Suvillance,,,,,,Y,,,New,,4,,,,,,,,,,,x
K45097,EL024,Elmatica AS Germany,1860-5414 PCB NLT_ALU_FUNC 401029077 REV.A UTG.1,22/06/2020,,,,8LYR,,,,,Use CAC,,A,,,ML4b,SIEL,NOBUILD,CT,08/07/2020,Atoy,8,,,,,,,,,Y,No,,New,,1,,,,,,,,,,,x
K45098,EL024,Elmatica AS Germany,1860-5413 PCB NLT_ALU_CON 401029075 REV.A UTG.1,22/06/2020,2,,Despatch,8LYR,,,,,Use CAC,,A,,,ML4,SIEL,NOBUILD,CT,03/07/2020,Anne,8,,,,,,,,,Y,No,,New,,3,,,,,,,,,,,x
K45138,EL024,Elmatica AS Germany,EP4193D,02/07/2020,,,,4LYR,18564,,,,Use Foil,,D,,,ML5b,OGEL,NOBUILD,TM,08/07/2020,Anne,4,,,,,,,,,Y,No,,New,,1,,,,,,,,,,,x
K45316,EL024,Elmatica AS Germany,4127194,12/08/2020,,,,SS,18047,,,,Use Foil,,1/A,,,ML10A,OGEL,NOBUILD,CT,21/08/2020,Jen,1,,,,,,,,,,No,,New,,4,,,,,11/08/2022,,,,,,x
K45339,EL024,Elmatica AS Germany,EP4482C,19/08/2020,36,,38,PTH,,,,,Use CAC,x,C,,,ML10A,OGEL,NOBUILD,CT,20/08/2020,Atoy,2,,,,,,,,,Y,No,,Up Issue,,4,,,,,,,,,,,x
K45405,EL024,Elmatica AS Germany,ELM0078466 LFSWEP4282A,07/09/2020,2,,31A,4LYR,,,,,Use Foil,,A,,,ML5b,OGEL,NOBUILD,CT,09/09/2020,Anne,4,,,,,,,,,Y,No,,New,,4,,,,,,,,,,,x
K45422,EL024,Elmatica AS Germany,TVKM2190091_R1,10/09/2020,,,,PV_BP,,,,,Use CAC,,R1,,,ML5b,OGEL,NOBUILD,CT,11/09/2020,Atoy,12,,,,,,,,,Y,No,,Up Issue,,1,,,,,,,,,,,x
K45575,EL024,Elmatica AS Germany,EP4257A,13/10/2020,,,,PTH_FRx2,,,,,Use CAC,,A,,,Ml5b,OGEL,NOBUILD,NDB,19/10/2020,Merlin,2,,,,,,,,,Y,No,,New,,1,,,,,,,,,,,x
K45602,EL024,Elmatica AS Germany,20002818C,16/10/2020,,,,10LYR,,,,,Use CAC,,C,,,ML5a,OGEL,NOBUILD,CT,22/10/2020,Atoy,10,,,,,,,,,Y,Yes,,New,,1,,,,,,,,,,,x
K45603,EL024,Elmatica AS Germany,ELM0079392 20002819A Retool now K49719,16/10/2020,,,,8LYR,18994,,,,Use CAC,,A,,,ML5a,OGEL,NOBUILD,CT,23/10/2020,Anne,8,,,,,,,,,Y,Yes,,New,,1,,,,,,,,No,,,x
K45606,EL024,Elmatica AS Germany,EP4850A,16/10/2020,189,,13,PTH,,,,,Use Foil,,A,,,ML5b,OGEL,NOBUILD,TM,23/10/2020,Anne,2,,,,,,,,,Y,No,,Up Issue,,4,,,,,,,,,,,x
K45685,EL024,Elmatica AS Germany,3500495-305 B  PWB OVP230 OMS,09/11/2020,28,,20,PTH,,,,,Use Foil,,B,,,ML14,OGEL,NOBUILD,CT,12/11/2020,Anne,2,,,,,,,,,Y,No,,New,,1,,,,,,,,,,,x
K45698,EL024,Elmatica AS Germany,EP4283B,11/11/2020,3,,12,6LYR,,,,,Use CAC,,B,,,ML5b,OGEL,NOBUILD,CT,17/11/2020,Anne,6,,,,,,,,,Y,No,,New,,1,,,,,,,,,,,x
K45774,CE017,Centum Electronics,T09DJ989VER004,27/11/2020,,,,PV_BP,,,,,Use CAC,,004,,,ML4a,SIEL,NOBUILD,DF,15/12/2020,Merlin,4,,,Thales,,,,,,Y,Yes,,Up Issue,,2,,,,,,,,,,,x
K45775,CE017,Centum Electronics,T09DT601VER002,27/11/2020,,,,6LYR,,,,,Use Foil,,002,,,ML4a,SIEL,NOBUILD,DF,11/12/2020,Merlin,6,,,Thales,,,,,,Y,No,,Up Issue,,2,,,,,,,,,,,x
K45783,EL001,Elmatica AS Norway,6798163 PWB GEC10070A DFAR,01/12/2020,,,,PV_BP,17658,,,,Use CAC,,A,,,ML11a,OGEL,NOBUILD,CT,03/12/2020,Jen,4,,,,,,,,,Y,No,,New,,1,,,,,,,,,,,x
K45800,EL024,Elmatica AS Germany,530602YY20001-10-00,03/12/2020,,,,PV_BP_RT,18125,,,,Use CAC,,10,,,ML11,OGEL,NOBUILD,CT,14/12/2020,Anne,12,,,,,,,,,Y,Yes,,Up Issue,,1,,,,,,,,,,,x
K45805,EL024,Elmatica AS Germany,ELM0062448 4120516,03/12/2020,2,,34,PV_BP,,,,,Use Foil,,1/A,,,ML10A,OGEL,NOBUILD,CT,21/01/2021,Merlin,6,,,,,,,,,Y,No,,Re-Tool,,4,,,,,,,,,,,x
K45829,EL001,Elmatica AS Norway,6WA22064 4125021 PCB POWER INPUT UNIT GE8614T202,10/12/2020,9,,44A,6LYR,,,,,Use Foil,,B,,,Ml5b,OGEL,NOBUILD,TM,07/01/2021,Anne,6,,,,,,,,,Y,No,,Up Issue,,1,,,,,,,,,,,x
K45845,EL024,Elmatica AS Germany,33554016-01-0001 retool now K48605,15/12/2020,,,,10LYR,18260,,,,Use CAC,,NO ISS,,,ML5b,OGEL,NOBUILD,DF,07/01/2021,Merlin,10,,,,,,,,,Y,No,,New,,1,,,,,,,,,,,x
K45874,IN059,Intracom Defense Single Member,F07-A04/80 H3773796,04/01/2021,,,,PV_BP_2,,,,,Use CAC,,002,,,,SIEL,NOBUILD,SGJ,08/01/2021,Merlin,6,,,DIEHL DEFENSE GMBH & Co. KG,,,,,,Y,No,,Up Issue,,1,,,,,,,,Yes,,,x
K45877,EL024,Elmatica AS Germany,EP4877A upissue now K48025,04/01/2021,,,,PV_BP,,,,,Use CAC,,A,,,ML5c,OGEL,NOBUILD,TM,06/01/2021,Anne,10,,,,,,,,,Y,No,,New,,1,,,,,,,,,,,x
K45925,EL024,Elmatica AS Germany,TVKM2190002_R2,12/01/2021,,,,8LYR,,,,,Use CAC,,R2,,,ML5b,OGEL,NOBUILD,CT,18/01/2021,Jen,8,,,,,,,,,Y,No,,New,,1,,,,,,,,,,,x
K45934,EL024,Elmatica AS Germany,TVK2193061 R3 retool now K48623,13/01/2021,,,,8LYR,17892,,,,Use CAC,,R3,,,ML5b,OGEL,NOBUILD,CT,21/01/2021,Anne,8,,,RUAG Space AB,,,,,,Y,No,,Up Issue,,1,,,,,,,,,,,x
K45952,EL001,Elmatica AS Norway,"10297485  PCB MECH, PCE Retool now K47430",18/01/2021,,,,14LYR,17062/17111,,,,Use CAC,,NO ISS,,,ML5b,OGEL,NOBUILD,DF,22/01/2021,Merlin,14,,,HENSOLDT Optronics,,,,,,Y,No,,New,,1,,,,,,,,,,,x
K45960,EL024,Elmatica AS Germany,1860-5488 T-MATE-TMI_BP 401024097 REV.C UTG.3,19/01/2021,,,,10LYR,17875,,,,Use CAC,,C,,,ML5c,OGEL,NBUILD,CT,25/01/2021,Jen,10,,,,,,,,,Y,No,,Up Issue,,1,,,,,,,,,,,x
K46036,EL024,Elmatica AS Germany,EP4249B,05/02/2021,1,,Despatch,12LYR,,,,,Use CAC,,B,,,ML5b,OGEL,NOBUILD,CT,09/02/2021,Jen,12,,,,,,,,,Y,No,,New,,1,,,,,,,,,,,x
K46165,EL024,Elmatica AS Germany,401021156A  PB PSU2,03/03/2021,,,,6LYR,,,,,Use CAC,,No Iss,,,ML5b,OGEL,NOBUILD,CT,08/03/2021,Merlin,6,,,,,,,,,Y,No,,Repeat,,1,,,,,,,,,,,x
K46211,EL024,Elmatica AS Germany,ELM0083002 8081196 Re-Tool also K50349,12/03/2021,22,,36,4LYR,19400,,,,Use Foil,,2,,,ML5b,OGEL,NOBUILD,CT,16/03/2021,Anne,4,,,,,,,,,Y,,,Up Issue,,4,,,,,,,,,,,x
K46258,EL024,Elmatica AS Germany,ELM0083213 LFSWEP4431A2,22/03/2021,2,,21A,PTH,,93@MAY'24,,,Use Foil,,A2,,,ML5A,OGEL,NOBUILD,CT,25/03/2021,Atoy,2,,,Sanmina,,,,,,Y,No,,New,,4,,,,,,,,,,,
K46223,EL024,Elmatica AS Germany,4154302 PWB Mod Board SO8,,,,,,,,,,,,,,,,,,,,,,,,,,,,,,,,,,,,,,,,,,,,,,
K46274,EL024,Elmatica AS Germany,EP4885A,24/03/2021,,,,12LYR,17401,,,,Use CAC,,A,,,ML5c,OGEL,NOBUILD,CT,27/03/2021,Anne,12,,,SAAB Suvillance,,,,,,Y,Yes,,New,,1,,,,,,,,,,,x
K46303,EL024,Elmatica AS Germany,EP4894A,26/03/2021,3,,37A,PV_BP,,,8@SEP'24,,Use CAC,x,A,,,ML10A,OGEL,NOBUILD,CT,29/03/2021,Anne,4,,,,,,,,,Y,No,,New,,4,,,,,,,,,,,x
K46308,EL024,Elmatica AS Germany,ELM0083389 1860-5507,29/03/2021,,,,14LYR,,,,,Use CAC,,A,,,ML4A,SIEL,NOBUILD,DF,01/04/2021,Merlin,14,,,,,,,,,Y,No,,New,,1,,,,,,,,,,,x
K46342,EL024,Elmatica AS Germany,EP4046A1,08/04/2021,,,,6LYR,,,,,Use CAC,,A1,,,ML5b,OGEL,NOBUILD,TM,12/04/2021,Anne,6,,,,,,,,,Y,No,,New,,1,,,,,,,,,,,x
K46356,ZE007,Zettlex UK Ltd,TRACEABLE (ST_TG_0612_V2 [Rev: V2]),15/04/2021,,,,PV_BP,16999/18102,,,,Use Foil,,V2,,,,Yes,NOBUILD,TM,19/04/2021,Jen,2,,,,,,,,,,No,,New,,,,,,,,,,,,,x
K46364,EL001,Elmatica AS Norway,4155220 8855753005 Rev A,16/04/2021,,,,8Sx2-BPN,17613,,,,Use CAC,,A,,,ML14,OGEL,NOBUILD,DF,26/04/2021,Merlin,8,Merlin CTS,,,,,,,,Y,,,New,,1,,,,,,,,Yes,,,x
K46416,EL001,Elmatica AS Norway,4125022 VA8000T102 Rev A Power Input Module SCM180 (4 x hole mod),28/04/2021,2,,48,2-3 4-5,18148,,,,Use Foil,,A,,,ML5b,OGEL,NOBUILD,SGJ,06/05/2021,Merlin,6,,,,,,,,,Y,No,,Up Issue,,1,,,,,,,,No,,,x
K46440,EL001,Elmatica AS Norway,460057JT20011-01-00 - EWC-310 FRONT PANEL ASSEMBLY TEST JIG PCB,04/05/2021,,,,PV_BP_NE,,,,,Use CAC,,No Iss,,,ML5c,OGEL,NOBUILD,CT,12/05/2021,Atoy,8,,,,,,,,,Y,Yes,,New,,1,,,,,,,,,,,x
K46447,EL001,Elmatica AS Norway,460057YY2A221-02-00 EWC-310 +28V COND & CNTRL PCB,05/05/2021,,,,10S2-2BP,16858,,,,Use CAC,,02,,,ML5c,OGEL,NOBUILD,SGJ,10/05/2021,Merlin,10,,,Saab Grintek Defence,,,,,,Y,No,,New,,1,,,,,,,,Yes,,,x
K46469,EL024,Elmatica AS Germany,401032754 Rev A  PB IND.BOX,12/05/2021,,,,PTH,,,,,Use CAC,,A,,,ML5b,OGEL,NOBUILD,NDB,18/05/2021,Anne,2,,,,,,,,,Y,No,,New,,1,,,,,,,,,,,x
K46501,EL024,Elmatica AS Germany,4155625 Rev 1 PCB 0131 PROCESSORKORT 2846581,18/05/2021,86,,4,12Sx2,,,,,Use CAC,,1,,,ML4a,SIEL,NOBUILD,DF,23/06/2021,Merlin,12,,,,,,,,,Y,No,,Up Issue,,3,,,,,,,,Yes,,,x
K46521,EL024,Elmatica AS Germany,TVAM1170436_R1  Utfyllnadskort  200um,25/05/2021,263,,UNCLAD,UNCLAD,,,,,Use Foil,,1,,,ML4B1,OGEL,NOBUILD,SGJ,26/05/2021,Merlin,1,,,,,,,,,,No,,New,,6,,,,,,,,No,,,x
K46522,EL024,Elmatica AS Germany,TVAM1170427_R1  HV FILTER BOARD,25/05/2021,5,,37A,PTH,,,56@SEP'24,,Use Foil,no testx,R1,,,ML4A,OGEL,NOBUILD,DF,26/05/2021,Merlin,2,,,,,,,,,Y,No,,New,,6,,,,,,,,,,,x
K46553,EL024,Elmatica AS Germany,2000002673  TVA1175172 R2,02/06/2021,4,,3,PTH,,,,,Use Foil,,R2,,,ML5b,OGEL,NOBUILD,TM,09/06/2021,Merlin,2,,,,,,,,,Y,No,,Re-Tool,,1,,,,,,,,,,,x
K46570,EL024,Elmatica AS Germany,EP4035B,07/06/2021,,,,6LYR,18242,,,,Use CAC,,B,,,Ml5b1,SIEL,K46570,CT,09/06/2021,Anne,6,,,,,,,,,Y,No,,New,,1,,,,,,,,,,,x
K46572,EL024,Elmatica AS Germany,EP4034C,07/06/2021,,,,6LYR,,,,,Use CAC,,C,,,ML10A,OGEL,NOBUILD,TM,09/06/2021,Atoy,6,,,,,,,,,Y,No,,New,,4,,,,,,,,,,,x
K46580,EL024,Elmatica AS Germany,EP4890A,09/06/2021,24,,41,PTH,,,,,Use CAC,,A,,,ML5b,OGEL,NOBUILD,CT,11/06/2021,Jen,2,,,,,,,,,Y,,,New,,1,,,,,,,,,,,x
K46632,EL024,Elmatica AS Germany,EP3599A,24/06/2021,,,,PTH,,,,,Use Foil,,A,,,ML5a,OGEL,NOBUILD,TM,25/06/2021,Merlin,2,,Yes,,,,,,,Y,,,Re-Tool,,1,,,,,,,,,,,x
K46635,EL024,Elmatica AS Germany,1860-5539 B NLT_BAT_BPDU 401029620 REV.B UTG.2,24/06/2021,,,,6LYR,18630,,,,Use Foil,,B,,,ML4,SIEL,NOBUILD,TM,28/06/2021,Atoy,6,,,,,,,,,Y,,,Up Issue,,0,,,,,,,,,,,x
K46670,NC003,NCAB Group Sweden,ELM0085160 1860-5378,02/07/2021,,,,PTH,,,85@AUG'24,,Use Foil,,A,,,ML4b,SIEL,NOBUILD,CT,08/07/2021,Atoy,2,,,,,,,,,Y,No,,New,,2,,,,,,,,,,,x
K46786,EL001,Elmatica AS Norway,4156357 PCB EMB 3AQ 29813 AAAA,05/08/2021,104,,36A,6Sx2-BN,18697/18698,,,,Use CAC,,AAAA,,,ML11e,OGEL,NOBUILD,DF,19/08/2021,Merlin,6,,,,,,,,,Y,No,,New,,1,,,,,,,,Yes,,,x
K46685,EL024,Elmatica AS Germany,2000005395 TVKM2190071 R3,08/07/2021,2,,43A,4LYR,,,,,Use CAC,,R3,,,ML5b,,,,,,,,,,,,,,,,,,,,,,,,,,,,,,,
K46820,EL024,Elmatica AS Germany,2000000899 TVA1197055 R4,13/08/2021,4,,40,PTH,,,,,Use Foil,,4,,,5b OME,OGEL,NOBUILD,CT,19/08/2021,Jen,2,,,,,,,,,Y,,,Re-Tool,,1,,,,,,,,,,,x
K46822,EL024,Elmatica AS Germany,EP4364B1 retool now K46856,16/08/2021,,,,PTH,,,,,,,B1,,,,OGEL,NOBUILD,,16/08/2021,Atoy,2,,,SAAB Suvillance,,,,,,,No,,New,,1,,,,,,,,,,,x
K46826,EL001,Elmatica AS Norway,PBZ900.04 Rev. 0.00   BLANKBOARD SYNTHESIZER SY7090,17/08/2021,7,,12A,PV_BP_NE,,,,,Use Foil,,0,,,ML5a,OGEL,NOBUILD,CT,20/08/2021,Atoy,4,,,,,,,,,Y,No,,New,,1,,,,,,,,,,,x
K46832,EL024,Elmatica AS Germany,1860-5515 PCB PWR 401025093 Rev.C UTG.3 PCB,18/08/2021,,,,8LYR,,,,,Use CAC,,C/3,,,ML4A,OGEL,NOBUILD,TM,23/08/2021,Merlin,8,,,,,,,,,Y,No,,Re-Tool,,6,,,,,,,,,,,x
K46856,EL024,Elmatica AS Germany,EP4364B1 also K49448,23/08/2021,,,,PTH,,,,,Use Foil,,B1,,,,OGEL,NOBUILD,TM,25/08/2021,Merlin,2,,,SAAB Suvillance,,,,,,Y,No,,Re-Tool,,1,,,,,,,,,,,x
K46873,EL024,Elmatica AS Germany,EP2517E,26/08/2021,8,,1,6LYR,,,,,Use Foil,,E,,,ML5b,OGEL,NOBUILD,NDB,02/09/2021,Anne,6,,,,,,,,,Y,No,,Up Issue,,1,,,,,,,,,,,x
K46955,EL024,Elmatica AS Germany,EP4337B1 upissue now K49397,14/09/2021,,,,8LYR,,,,,Use CAC,,B1,,,ML5b,OGEL,NOBUILD,CT,20/09/2021,Jen,8,,,,,,,,,Y,No,,New,,1,,,,,,,,,,,x
K46979,EL024,Elmatica AS Germany,1860-5565  PCB JFP_POWC_MPCIF 401031822 REV.A UTG.1,22/09/2021,,,,6LYR,,,,,Use Foil,,A,,,,SIEL,NOBUILD,CT,23/09/2021,Anne,6,,,,,,,,,Y,No,,New,,1,,,,,,,,,,,x
K46980,EL024,Elmatica AS Germany,1860-5564  PCB JFP_POWC_CAPS 401031825 REV.A UTG.1,22/09/2021,,,,4LYR,,,,,Use Foil,,A,,,,SIEL,NOBUILD,CT,24/09/2021,Jen,4,,,,,,,,,Y,No,,New,,1,,,,,,,,,,,x
K47001,EL024,Elmatica AS Germany,ELM0086820 EP4033C,28/09/2021,11,,Despatch,4LYR,,,,,Use CAC,,C,,,ML10A,OGEL,NOBUILD,DF,29/09/2021,Merlin,4,,,,,,,,,Y,No,,New,,4,,,,,,,,,,,x
K47018,EL024,Elmatica AS Germany,1860-5578  RBS15 JFP MPC CPU LM 401032636 REV .A UTG 1,29/09/2021,,,,PV_BP_NE,,,,,Use CAC,,1,,,,SIEL,NOBUILD,DF,30/09/2021,Merlin,14,,,,,,,,,Y,No,,New,,1,,,,,,,,,,,x
K47020,EL024,Elmatica AS Germany,EP4861B,30/09/2021,,,,PV_BP_NE,17176/17185,,,,Use CAC,,B,,,,Yes,NOBUILD,DF,01/10/2021,Merlin,16,,,,,,,,,Y,Yes,,Up Issue,,,,,,,,,,,,,x
K47022,EL024,Elmatica AS Germany,8081227  TVKM1170469 R2,30/09/2021,,,,PV_BP,,,,,Use CAC,,R2,,,ML5b,OGEL,NOBUILD,AM,04/10/2021,Anne,4,,,,,,,,,Y,No,,Up Issue,,1,,,,,,,,,,,x
K47025,EL024,Elmatica AS Germany,1860-5580 JFP_POWC_MAIN 401031815 REV.A UTG.1 Upissue now  K50026,01/10/2021,,,,PV_BP_NE,,,,,Use CAC,,A.1,,,ML4A,OGEL,NOBUILD,CT,04/10/2021,Anne,6,,,,,,,,,Y,No,,New,,5,,,,,,,,,,,x
K47026,EL024,Elmatica AS Germany,EP4025A,01/10/2021,,,,PTH,,,,,Use Foil,,A,,,ML5b,OGEL,NOBUILD,CT,04/10/2021,Merlin,2,,,,,,,,,Y,No,,New,,1,,,,,,,,,,,x
K47038,EL024,Elmatica AS Germany,1860-5582 RBS15 JFP MPC ALC LM 401032629 REV.A UTG.1 upissue now K47935,05/10/2021,,,,PV_BP_NE,17434,,,,Use CAC,x,A.1,,,,SIEL,NOBUILD,CT,06/10/2021,Jen,12,,,Saab Dynamics,,,,,,Y,No,,New,,1,,,,,,,,,,,x
K47105,EL024,Elmatica AS Germany,2000002672,21/10/2021,5,,42,PTH,,,,,Use Foil,,2,,,ML9A,OGEL,NOBUILD,CT,25/10/2021,Merlin,2,,,,,,,,,Y,No,,Re-Tool,,4,,,,,,,,,,,x
K47129,EL024,Elmatica AS Germany,EP3343B,28/10/2021,24,,29A,4LYR,,,,,Use CAC,,B,,,Ml10A,OGEL,NOBUILD,TM,03/11/2021,Atoy,4,,,,,,,,,Y,No,,New,,4,,,,,,,,,,,x
K47169,EL024,Elmatica AS Germany,2000004206 TVM61207 R1,05/11/2021,,,,6LYR,,,,,Use CAC,,R1,,,ML5b,OGEL,NOBUILD,TM,04/01/2022,Anne,6,,,,,,,,,Y,No,,New,,0,,,,,,,,,,,x
K47173,EL024,Elmatica AS Germany,TVK1175294_R1  2000002690,08/11/2021,4,,48A,6LYR,18799,,,,Use CAC,,1,,,ML5b,OGEL,NOBUILD,NDB,10/11/2021,Merlin,6,,,,,,,,,Y,No,,Re-Tool,,1,,,,,,,,,,,x
K47176,EL024,Elmatica AS Germany,TVA1194785_R1  000002675,09/11/2021,3,,47,PTH,,,,,Use Foil,,R1,,,ML5b,OGEL,NOBUILD,CT,21/12/2021,Merlin,2,,,,,,,,,Y,No,,Re-Tool,,1,,,,,,,,,,,x
K47178,EL024,Elmatica AS Germany,TVA2192926_R2 2000004242,09/11/2021,5,,46,PTH,,,,,Use Foil,,R2,,,ML5b,OGEL,NOBUILD,TM,20/03/2022,Merlin,2,,,,,,,,,Y,No,,Re-Tool,,1,,,,,,,,,,,x
K47180,EL024,Elmatica AS Germany,1860-5597   B MEZZANINE CARD (MC) III 401034974 REV .A,10/11/2021,,,,14LYR,17322,,,,Use CAC,,A,,,,OGEL,NOBUILD,DF,11/11/2021,Merlin,14,,,SAAB Dynamics AB,,,,,,Y,No,,New,,1,,,,,,,,,,,x
K47239,EL024,Elmatica AS Germany,1860-5602   PCB SU BPL P1 401032515 REV .A UTG. 1,29/11/2021,,,,18LYR,17370/17389,,,,Use CAC,,A,,,,SIEL,NOBUILD,CT,01/12/2021,Atoy,18,,,SAAB Dynamics AB,,,,,,Y,No,,New,,1,,,,,,,,,,,x
K47244,EL024,Elmatica AS Germany,1860-5583  PCB 0901 401029989 REV .B UTG. 2,30/11/2021,,,,PTH,,,,ON HOLD S,Use Foil,,B,,,,Yes,NOBUILD,TM,03/12/2021,Jen,2,,,,,,,,,Y,No,,Up Issue,,0,,,,,,,,,,,x
K47275,EL024,Elmatica AS Germany,EP4945A upissue now K48524,06/12/2021,,,,4LYR,,,,,Use CAC,,A,,,,OGEL,NOBUILD,TM,07/12/2021,Jen,4,,,SAAB Suvillance,,,,,,Y,No,,New,,1,,,,,,,,,,,x
K47276,EL024,Elmatica AS Germany,EP4932A,06/12/2021,,,,6LYR,,,,,Use CAC,,A,,,ML5b,OGEL,NOBUILD,TM,15/12/2021,Atoy,6,,,SAAB Suvillance,,,,,,Y,No,,New,,1,,,,,,,,,,,x
K47283,EL024,Elmatica AS Germany,ELM0088111 8081038,07/12/2021,4,,34A,PV_BP,,,,,Use CAC,x,R1,,,ML5b,OGEL,NOBUILD,TM,10/12/2021,Anne,6,,,Hanza,,,,,,Y,No,,New,,1,,,,,,,,,,,x
K47287,EL024,Elmatica AS Germany,TVK9310394-521 also K47303,09/12/2021,,,,DSNPTH,,,,,Use Foil,,No Iss,,,ML5b,OGEL,NOBUILD,TM,10/12/2021,Jen,2,,,,,,,,,,No,,New,,1,,,,,,,,,,,x
K47302,EL024,Elmatica AS Germany,1860-5609  MIO 401032367 REV .A UTG. 1,14/12/2021,,,,PV_BP_NE,17422/17424,,,,Use CAC,,1,,,,SIEL,NOBUILD,CT,16/12/2021,Anne,14,,,SAAB Dynamics AB Awaiting EUU,,,,,,Y,No,,New,,1,,,,,,,,,,,x
K47303,EL024,Elmatica AS Germany,TVK9310394-521 DE104 Material,14/12/2021,,,,DSNPTH,,,,,Use Foil,,No Iss,,,ML5b,OGEL,NOBUILD,NDB,20/12/2021,Merlin,2,,,,,,,,,,No,,New,,1,,,,,,,,,,,x
K47317,EL024,Elmatica AS Germany,1860-5612 PCB RELAYS BPL P1 401032866 REV.A UTG.1,22/12/2021,,,,6LYR,,,,,Use CAC,,A,,,,SIEL,NOBUILD,NDB,04/01/2022,Jen,6,,,,,,,,,,No,,New,,0,,,,,,,,,,,x
"K47388""",EL024,Elmatica AS Germany,401035479 A1 DCDC 48V,17/01/2022,4LYR,18345,,,Use Foil,,,A1,,,,,,ML14,OGEL,NOBUILD,TM,18/01/2022,Jen,4,,,,,,,,,Y,No,,New,,1,,,,,,,,,,,
K47341,EL024,Elmatica AS Germany,EP4032A,06/01/2022,,,,4LYR,,,,,Use Foil,,A,,,ML5b,OGEL,NOBUILD,TM,07/01/2022,Jen,4,,,,,,,,,Y,No,,New,,1,,,,,,,,,,,x
K47372,EL024,Elmatica AS Germany,1860-5612 PCB RELAYS BPL P1,,,,,,,,,,,,,,,,,,,,,,,,,,,,,,,,,,,,,,,,,,,,,,
K47392,EL024,Elmatica AS Germany,EP4917A,18/01/2022,,,,4LYR,,,,,Use CAC,,A,,,,OGEL,NOBUILD,TM,20/01/2022,Jen,4,,,,,,,,,Y,No,,New,,1,,,,,,,,,,,x
K47393,EL024,Elmatica AS Germany,EP4918A,18/01/2022,,,,PV_BP,,,,,Use Foil,,A,,,ML5a,OGEL,NOBUILD,NDb,20/01/2022,Anne,2,,,,,,,,,Y,No,,New,,1,,,,,,,,,,,x
K47422,EL024,Elmatica AS Germany,TVKM1170445R3,24/01/2022,,,,PV_BP,17483,,,,Use Foil,,R3,,,ML9c,OGEL,NOBUILD,NDB,25/01/2022,Anne,4,,,,,,,,,Y,No,,Up Issue,,1,,,,,,,,,,,x
K47423,EL001,Elmatica AS Norway,100356  PCB 60293417_-,25/01/2022,,,,blndflip,,,,,Use Foil,,-,,,,OGEL,NOBUILD,SGJ,27/01/2022,Merlin,6,,,,,,,,,Y,No,,New,,1,,,,,,,,Yes,,,x
K47424,EL024,Elmatica AS Germany,1860-5604 Rev 3  PCB TOP BPL P1 401032655 REV .B UTG.4,25/01/2022,,,,16LYR,,,,,Use CAC,,3,,,ML4,SIEL,NOBUILD,DF,07/02/2022,Merlin,16,,,,,,,,,Y,No,,New,,1,,,,,,,,,,,x
K47430,EL001,Elmatica AS Norway,"10297485  PCB MECH, PCE",27/01/2022,,,,14LYR,18111,,,,Use CAC,,NO ISS,,,,OGEL,NOBUILD,NDB,04/02/2022,Merlin,14,,,,,,,,,Y,No,,Re-Tool,,1,,,,,,,,,,,x
K47446,EL024,Elmatica AS Germany,TVAM1170530 R1,31/01/2022,60,,2,PTH,,,,,Use CAC,pp.emm,1,,,ML5b,OGEL,NOBUILD,TM,01/02/2022,Jen,2,,,,,,,,,Y,No,,New,,1,,,,,,,,,,,x
K47449,EL024,Elmatica AS Germany,8081248 TVKM1170516 R1 upissue now K49619,31/01/2022,3,,1A,PV_BP,,,,,Use Foil,,R1,,,ML5b,OGEL,NOBUILD,NDB,03/02/2022,Atoy,6,,,,,,,,,Y,No,,New,,1,,,,,,,,,,,x
K47466,EL024,Elmatica AS Germany,EP3531A,04/02/2022,,,,PV_BP_NE,17541/17567,,,,Use CAC,,A,,,ML5b,OGEL,NOBUILD,TM,09/02/2022,Atoy,14,,Yes,,,,,,,Y,No,,New,,1,,,,,,,,,,,x
K47502,EL001,Elmatica AS Norway,4162005 GEC10091A_D upisue now K49389,16/02/2022,,,,PV_BP_NE,,,,,Use CAC,,A_D,,,ML11a,OGEL,NOBUILD,NDB,03/03/2022,Anne,6,,,,,,,,,,,,New,,1,,,,,,,,,,,x
K47469,EL001,Elmatica AS Norway,009007P1443 460057YY20121-03 also K48799,07/02/2022,,,,PV_BP,,,,,Use CAC,,03,,,ML5c,,,,,,,,,,,,,,,,,,,,,,,,,,,,,,,
K47503,EL024,Elmatica AS Germany,48-4353-0-99 EP4353,16/02/2022,,,,ds_pnl,,,,,Use Foil,,B,,,ML5b,OGEL,NOBUILD,NDB,23/02/2022,Merlin,2,,,,,,,,,Y,No,,Re-Tool,,1,,,,,,,,,,,x
K47511,EL001,Elmatica AS Norway,4163488 PCB XSR Power Module GEC10047C_D,16/02/2022,,,,PV_BP_NE,,,,,Use Foil,x,C,,,Ml11a,OGEL,NOBUILD,NDB,04/03/2022,Jen,6,,,,,,,,,Y,No,,Up Issue,,1,,,,,,,,,,,x
K47528,EL024,Elmatica AS Germany,LFSWEP4836B EP4836B,22/02/2022,4,,49,PV_BP_NE,,,,,Use CAC,,B,,,ML9a1,OGEL,NOBUILD,TM,24/02/2022,Merlin,6,,,Sanmina SCI,,,,,,Y,No,,Re-Tool,,1,,,,,,,,,,,x
K47538,NC003,NCAB Group SWEDEN AB,ELM0059439 EP4675A1,23/02/2022,,,,6LYR,,,,,Use CAC,,A1,,,Ml10A,OGEL,NOBUILD,NDB,09/03/2022,Merlin,6,,,,,,,,,Y,,,Re-Tool,,4,,,,,,,,,,,x
K47569,EL024,Elmatica AS Germany,EP4832B **UP ISSED NOW K48954**,02/03/2022,,,,PV_BP_NE,,,,,Use CAC,,B,,,ML5c,OGEL,NOBUILD,NDB,09/03/2022,Anne,8,,,,,,,,,Y,No,,Up Issue,,1,,,,,,,,,,,x
K47581,EL024,Elmatica AS Germany,1860-4368  PCB V&T ECU EMI BOARD 1 02899188 REV. 00,03/03/2022,,,,4LYR,,,,,Use CAC,,00,,,ML11,OGEL,NOBUILD,NDB,05/03/2022,Jen,4,,,,,,,,,Y,No,,New,,1,,,,,,,,,,,x
K47586,EL024,Elmatica AS Germany,1860-4369 PCB V&T ECU EMI BOARD 2 02899189 REV.00,04/03/2022,,,,4LYR,,,,,Use CAC,,00,,,ML11,OGEL,NOBUILD,NDB,07/03/2022,Anne,4,,,,,,,,,Y,No,,New,,1,,,,,,,,,,,x
K47587,EL024,Elmatica AS Germany,1860-4366 PCB I-ECU EMI BOARD 02899190 REV.00,04/03/2022,,,,4LYR,,,,,Use CAC,,00,,,ML11,OGEL,NOBUILD,NDB,07/03/2022,Anne,4,,,,,,,,,Y,No,,New,,1,,,,,,,,,,,x
K47594,NC003,NCAB Group SWEDEN AB,ELM0089572 EP4653B,04/03/2022,60,,27A,6LYR,,,,,Use CAC,,B,,,ML10A,OGEL,NOBUILD,NDB,14/03/2022,Anne,6,,,,,,,,,Y,No,,Up Issue,,4,,,,,,,,,,,x
K47603,EL024,Elmatica AS Germany,8081043 TVA1174470R2,07/03/2022,,,,PTH,,,,,Use Foil,,R2,,,ML5b,OGEL,NOBUILD,NDB,11/03/2022,Atoy,2,,,,,,,,,Y,No,,New,,1,,,,,,,,,,,x
K47604,EL024,Elmatica AS Germany,8081046 TVA1174472R2,07/03/2022,,,,PTH,,,,,Use Foil,,R2,,,ML5b,OGEL,NOBUILD,NDB,14/03/2022,Jen,2,,,,,,,,,Y,No,,New,,1,,,,,,,,,,,x
K47620,EL001,Elmatica AS Norway,4123222 8851780323 PCB VIM Connector J3-J5,09/03/2022,,,,4LYR,,,,,Use CAC,,No Iss,,,ML14A,OGEL,NOBUILD,TM,01/04/2022,Merlin,4,,,,,,,,,Y,Yes,,Re-Tool,,1,,,,,,,,,,,x
K47627,EL024,Elmatica AS Germany,EP4965A,09/03/2022,,,,PTH,,,,,Use CAC,,A,,,ML5c,OGEL,NOBUILD,NDB,09/03/2022,Merlin,2,,,,,,,,,Y,No,,New,,1,,,,,,,,,,,x
K47636,EL024,Elmatica AS Germany,48-20102-3-99 With closed vias 6320-102-05 MAINBOARD CS2200 TUC rev05,10/03/2022,,,,PV_BP_NE,,,,,Use CAC,,05,,,ML5a,OGEL,NOBUILD,TM,23/03/2022,Atoy,10,,Yes,,,,,,,Y,Yes,,Up Issue,,1,,,,,,,,,,,x
K47649,EL024,Elmatica AS Germany,TEST2201003_P1A,11/03/2022,,,,6LYR,,,,,Use Foil,,1A,,,ML5b,OGEL,NOBUILD,NDB,19/03/2022,Atoy,6,,,,,,,,,Y,No,,New,,1,,,,,,,,,,,x
K47653,EL024,Elmatica AS Germany,2000003272 TVKM2190048R2 upissue now K49248,14/03/2022,,,,6LYR,,,,,Use CAC,,No Iss,,,ML5b,OGEL,NOBUILD,TM,21/04/2022,Atoy,6,,,,,,,,,Y,No,,New,,1,,,,,,,,,,,x
K47656,EL024,Elmatica AS Germany,EP4959A,15/03/2022,,,,PV_BP_NE,18286,,,,Use CAC,,A,,,ML5b,OGEL,NOBUILD,NDB,20/03/2022,Jen,10,,,,,,,,,Y,Yes,,Up Issue,,1,,,,,,,,,,,x
K47666,EL024,Elmatica AS Germany,EP4963A,17/03/2022,3,,2,PV_BP,18900/18929,,,,Use CAC,,A,,,ML5b,OGEL,NOBUILD,TM,19/03/2022,Atoy,12,,,,,,,,,Y,No,,New,,1,,,,,,,,,,,x
K47674,EL024,Elmatica AS Germany,401036430 A1 PB AEU-2 PINGER PATCH BRD,21/03/2022,,,,PTH,,,,,Use Foil,,A1,,,ML14,OGEL,NOBUILD,NDB,22/03/2022,Anne,2,,,,,,,,,Y,No,,New,,1,,,,,,,,,,,x
K47690,EL024,Elmatica AS Germany,2000000894 TVA1192311 R2,22/03/2022,,,,PTH,,,,,Use Foil,,R2,,,ML5a,OGEL,NOBUILD,NDB,28/03/2022,Atoy,2,,,,,,,,,Y,No,,New,,1,,,,,,,,,,,x
K47693,EL024,Elmatica AS Germany,EP4961A,23/03/2022,,,,PV_BP,18271,,,,Use CAC,,A,,,ML5b,OGEL,NOBUILD,NDB,29/03/2022,Jen,16,,,,,,,,,Y,Yes,,New,,1,,,,,,,,,,,x
K47712,EL024,Elmatica AS Germany,EP4960A,28/03/2022,,,,PV_BP,19525,,,,Use CAC,,A,,,ML,OGEL,NOBUILD,TM,30/03/2022,Atoy,16,,,,,,,,,Y,Yes,,Up Issue,,6,,,,,,,,,,,x
K47718,EL024,Elmatica AS Germany,401036595A1 PB TEU,29/03/2022,,,,8LYR,,,,,Use Foil,,A1,,,ML14,OGEL,NOBUILD,NDB,31/03/2022,Anne,8,,,,,,,,,Y,No,,Up Issue,,1,,,,,,,,,,,x
K47719,EL001,Elmatica AS Norway,9102048-3 PCB 22-10024-06.1 Retool now K48074,30/03/2022,,,,PV_BPX,,,,,Use CAC,,3,,,ML5b,OGEL,NOBUILD,DF,01/04/2022,Merlin,6,,,,,,,,,Y,Yes,,New,,1,,,,,,,,,,,x
K47731,EL024,Elmatica AS Germany,5013177G TVKM1170345 Rev I now K47799,31/03/2022,,,,10LYR,,,,ON HOLD S,Use Foil,,I,,,,Yes,NOBUILD,TM,05/04/2022,Atoy,10,,,,,,,,,,No,,New,,,,,,,,,,,,,x
K47732,EL024,Elmatica AS Germany,5013245I TVKM1170403 Rev J retool now K47951,31/03/2022,,,,10LYR,17843/17881/17882,,,,Use Foil,,J,,,,SIEL,NOBUILD,TM,22/04/2022,Atoy,10,,,,,,,,,Y,No,,New,,0,,,,,,,,,,,x
K47762,EL024,Elmatica AS Germany,1860-5624 OHDU MAINBOARD 8941260-012 REV.A UTG.A upissue now K47845,11/04/2022,,,,PV_BP_NE,,,,,,,A,,,,Yes,K47189,,12/04/2022,Atoy,12,,,,,,,,,,Yes,,Up Issue,,,,,,,,,,,,,x
K47769,EL024,Elmatica AS Germany,1860-5283  PB TX 401025007 REV .B UTG. 2,13/04/2022,,,,12PV,,,,,,,B,,,ML4a,SIEL,,,,,12,,,,,,,,,,No,,New,,1,,,,,,,,,,,x
K47799,EL024,Elmatica AS Germany,5013177H  TVKM1170345 K now K47952,21/04/2022,,,,10LYR,17831/17883,,,,Use Foil,,H,,,,SIEL,NOBUILD,TM,26/04/2022,Atoy,10,,,,,,,,,Y,No,,Up Issue,,0,,,,,,,,,,,x
K47802,EL001,Elmatica AS Norway,4036551 3AQ24941AAAA_PB_ED01,22/04/2022,18,,46,4LYR,,,,,Use CAC,,01,,,ML5,OGEL,NOBUILD,TM,28/04/2022,Jen,4,,,,,,,,,Y,No,,New,,1,,,,,,,,,,,x
K47805,EL024,Elmatica AS Germany,EP4932B upissue now K48843,25/04/2022,,,,6LYR,,,,,Use CAC,,B,,,ML5B,OGEL,NOBUILD,TM,29/04/2022,Anne,6,,,,,,,,,Y,Yes,,New,,1,,,,,,,,,,,x
K47836,EL024,Elmatica AS Germany,1860-5554 CB RBS15 JFP MPC SPARE LM 401032646 REV.A UTG.1,03/05/2022,,,,PTH,,,,,Use Foil,,A,,,,SIEL,NOBUILD,NDB,04/05/2022,Jen,2,,,,,,,,,Y,,,New,,1,,,,,,,,,,,x
K47838,EL001,Elmatica AS Norway,480313YY23001-02-00 MAW-400 SENSOR PSU,04/05/2022,,,,PV_BP_2N,17915/17980,,,,Use CAC,,02,,,ML5,OGEL,NOBUILD,DF,06/06/2022,Merlin,8,,,,,,,,,Y,No,,New,,1,,,,,,,,Yes,,,x
K47854,EL024,Elmatica AS Germany,EP4895B,06/05/2022,,,,PTH,,,,,Use CAC,,B,,,ML5a,OGEL,NOBUILD,TM,13/05/2022,Atoy,2,,,,,,,,,Y,No,,Up Issue,,1,,,,,,,,,,,x
K47855,RE008,Renishaw PLC,M-5225-1901-01 Iss A RLU ALT ADC PROCESSOR RIGID PCB,06/05/2022,,,,4LYR,,,,,Use CAC,,A,,,,Yes,NOBUILD,TM,09/05/2022,Anne,4,,,,,,,,,Y,No,,New,,,,,,,,,,,,,x
K47867,EL001,Elmatica AS Norway,460057YY20401-03-00,10/05/2022,,,,PV_BP_NE,,,,,Use CAC,,03,,,ML5b,OGEL,NOBUILD,DF,13/05/2022,Merlin,6,,Yes,,,,,,,Y,Yes,,Up Issue,,1,,,,,,,,,,,x
K47874,EL024,Elmatica AS Germany,EP4780B1 uopissue now K48947,11/05/2022,,,,PV_BP,,,,,Use Foil,,B1,,,ML5c,OGEL,NOBUILD,DF,16/05/2022,Merlin,10,,,,,,,,,Y,No,,Re-Tool,,1,,,,,,,,,,,x
K47906,EL024,Elmatica AS Germany,EP3773B1,23/05/2022,,,,PTH,,,,,Use Foil,,B1,,,ML5c,OGEL,NOBUILD,NDB,26/05/2022,Anne,2,,,,,,,,,Y,No,,New,,1,,,,,,,,,,,x
K47908,EL001,Elmatica AS Norway,460057YY20231-03-00 EWC-310 COMMS I/O PCB,23/05/2022,1,,1,PV_BPX,,,,,Use CAC,,03,,,ML5,OGEL,NOBUILD,TM,31/05/2022,Jen,12,,,,,,,,,Y,Yes,,New,,1,,,,,,,,,,,x
K47925,NC003,NCAB Group SWEDEN AB,12W28248 MASD0136A1,31/05/2022,,,,12LYR,,,,,Use Foil,,1,,,ML4A,OGEL,NOBUILD,DF,10/06/2022,Merlin,12,,,,,,,,,Y,Yes,,New,,6,,,,,,,,,,,x
K47935,EL024,Elmatica AS Germany,1860-5640 RBS15 JFP MPC ALC LM R2 401036731 REV.A UTG.1 upissue now K49273,06/06/2022,,,,PV_BP_NE,,,,,Use CAC,,A/1,,,,SIEL,NOBUILD,NDB,08/06/2022,Atoy,12,,,,,,,,,Y,No,,Up Issue,,1,,,,,,,,,,,x
K47936,EL024,Elmatica AS Germany,1860-5641 PCB RBS15 JFP MPC BPL LM R2 401036733 REV.A UTG.1,06/06/2022,,,,PV_BP_NE,,,,,Use CAC,,A/1,,,,SIEL,NOBUILD,DF,07/06/2022,Merlin,18,,,,,,,,,Y,No,,New,,1,,,,,,,,,,,x
K47942,EL024,Elmatica AS Germany,EP4974A upissue now K48465,07/06/2022,,,,PTH,,,,,Use CAC,,A,,,ML5a,OGEL,NOBUILD,NDB,08/06/2022,Anne,2,,Yes,,,,,,,Y,No,,New,,1,,,,,,,,,,,x
K47938,EL024,Elmatica AS Germany,1860-5643 RBS15 JFP MPC LNK LM R2,,,,,,,,,,,,,,,,,,,,,,,,,,,,,,,,,,,,,,,,,,,,,,
K47937,EL024,Elmatica AS Germany,1860-5642 RBS15 JFP MPC CBA LM R2,,,,,,,,,,,,,,,,,,,,,,,,,,,,,,,,,,,,,,,,,,,,,,
K47951,EL024,Elmatica AS Germany,10W29421 5013245I TVKM1170403 Rev J upissue now K49812,13/06/2022,1,,49,ml_pnl20,,,,,Use Foil,,J,,,ML4a,SIEL,NOBUILD,NDB,16/06/2022,Merlin,10,,,,,,,,,Y,No,,Re-Tool,,1,,,,,,,,,,,x
K47952,EL024,Elmatica AS Germany,5013177H  TVKM1170345 K Retool of K48809,14/06/2022,,,,10LYR,,,,,Use Foil,,K,,,ML4a,SIEL,NOBUILD,NDB,15/06/2022,Merlin,10,,,,,,,,,,No,,Re-Tool,,1,,,,,,,,,,,x
K47964,EL001,Elmatica AS Norway,1052808-1,15/06/2022,,,,PV_BP_NE,,,,,Use CAC,,1,,,,Yes,NOBUILD,DF,21/06/2022,Merlin,12,,,,,,,,,Y,Yes,,New,,,,,,,,,,,,,x
K47965,EL024,Elmatica AS Germany,1860-5646 RBS15 JFP MPC CBL LM R2 401036737 REV.A UTG.1,15/06/2022,,,,PV_BP_NE,,,,,Use CAC,,A,,,,SIEL,NOBUILD,TM,20/06/2022,Atoy,16,,,,,,,,,Y,No,,Up Issue,,1,,,,,,,,,,,x
K47974,EL001,Elmatica AS Norway,PBY389.03,17/06/2022,,,,PV_BP,,,,,Use CAC,,03,,,ML5b,OGEL,NOBUILD,NDB,22/06/2022,Jen,4,,,,,,,,,Y,No,,New,,1,,,,,,,,Yes,,,x
K47978,EL024,Elmatica AS Germany,TVKM2190113 R1 2000005451  upissue now K49432,20/06/2022,,,,PV_BP,17952/17987,,,,Use Foil,,R1,,,ml5b,OGEL,NOBUILD,TM,23/06/2022,Anne,8,,,,,,,,,Y,No,,New,,1,,,,,,,,,,,x
K47983,EL024,Elmatica AS Germany,2000004201 TVAM1170368R1,22/06/2022,,,,PV_BP_RT,,,,,Use Foil,,R1,,,ML5b,OGEL,NOBUILD,TM,08/07/2022,Atoy,2,,,,,,,,,Y,No,,New,,1,,,,,,,,,,,x
K47990,EL001,Elmatica AS Norway,GEC10099A_Rev.A.0.0,23/06/2022,,,,PTH,,,,,Use CAC,,A,,,ML5a,OGEL,NOBUILD,TM,25/06/2022,Anne,2,,,,,,,,,Y,No,,New,,1,,,,,,,,,,,x
K48024,EL001,Elmatica AS Norway,4109272 8843782072 PCB CONNECTOR AUDIO UNIT,30/06/2022,,,,PTH,,,,,Use Foil,,A,,,ML14,OGEL,NOBUILD,SGJ,05/08/2022,Merlin,2,,,,,,,,,Y,No,,Re-Tool,,1,,,,,,,,No,,,x
K48025,EL024,Elmatica AS Germany,EP4877B,30/06/2022,12,,27A,PV_BP,19245,,,,Use CAC,,B,,,ML5,OGEL,NOBUILD,NDB,05/07/2022,Jen,10,,,,,,,,,Y,No,,Up Issue,,1,,,,,,,,,,,x
K48056,EL024,Elmatica AS Germany,195EP4886B EP4886 rev B retool now K48496 upissue now K48578,08/07/2022,,,,PV_BP_NE,18077,,,ON HOLD S,Use CAC,,B,,,ML5B,OGEL,NOBUILD,NDB,11/07/2022,Anne,6,,,,,,,,,Y,Yes,,Up Issue,,1,,,,,,,,,,,x
K48074,EL001,Elmatica AS Norway,9102048-3 PCB 22-10024-06.1 retool now K50412,13/07/2022,1,,32a,PV_BPX,,,,,Use CAC,x,3,,,ML5b,OGEL,NOBUILD,SGJ,14/07/2022,Merlin,6,,,,,,,,,Y,Yes,,Re-Tool,,1,,,,,,,,No,,,x
K48075,EL024,Elmatica AS Germany,4131565_1 PCB VIP1_3U 30001529-001_A,14/07/2022,,,,PV_BP,18407,,,,Use CAC,,1,,,ML5b,OGEL,NOBUILD,SGJ,27/07/2022,Merlin,18,,,,,,,,,Y,Yes,,Re-Tool,,1,,,,,,,,No,,,x
K48157,EL024,Elmatica AS Germany,EP4461B,11/08/2022,8,,4A,saab,,,,,Use Foil,,B,,,ML5c,OGEL,NOBUILD,DF,16/08/2022,Merlin,6,,,,,,,,,Y,No,,Up Issue,,1,,,,,,,,,,,x
K48158,HC001,HCD,HCD5248-1 BARE BOARD,11/08/2022,,,,PV_BP_NE,,,,,Use CAC,,A,,,,Yes,NOBUILD,DF,18/08/2022,Merlin,6,,,,,,,,,Y,No,,New,,,,,,,,,,,,,x
K48196,EL024,Elmatica AS Germany,1860-5658 BACKPLANE CH 2 8929275-001 REV.A UTG.A upissue now K49677,23/08/2022,,,,PV_BP_NE,,,,,Use CAC,,A,,,ML5b,OGEL,NOBUILD,NDB,30/08/2022,Atoy,12,,,,,,,,,Y,Yes,,New,,1,,,,,,,,,,,x
K48208,EL024,Elmatica AS Germany,ELM0052917 20002820 B Filter Board (ME59M0041947SAMP),31/08/2022,,,,6LYR,,,,,Use CAC,x,B,,,ML5a,OGEL,NOBUILD,TM,07/09/2022,Merlin,6,,,,,,,,,Y,Yes,,Re-Tool,,1,,,,,,,,No,,,x
K48230,EL024,Elmatica AS Germany,EP4179C1,09/09/2022,3,,1A,6LYR,18894,,,,Use CAC,x,C1,,,ML5a,OGEL,NOBUILD,SGJ,13/09/2022,Merlin,6,,,,,,,,,Y,No,,Re-Tool,,1,,,,,,,,No,,,x
K48244,EL024,Elmatica AS Germany,EP3936C,15/09/2022,,,,4LYR,,,,,Use CAC,,C,,,ML5b,OGEL,K48244,DF,03/10/2022,Merlin,4,,,,,,,,,Y,No,,New,,1,,,,,,,,,,,x
K48248,EL024,Elmatica AS Germany,TVKM1170553_R1,16/09/2022,,,,PV_BP,,,,,Use Foil,,R1,,,ML5b,OGEL,NOBUILD,TM,03/10/2022,Atoy,4,,,,,,,,,Y,No,,New,,1,,,,,,,,,,,x
K48250,EL001,Elmatica AS Norway,460057YY20001-03-00 EWC-310 SENSOR INTERFACE CARD (SIC) PCB WITH INS,20/09/2022,2,,1A,PV_BP,,,,,Use CAC,x,03,,,ML5b,OGEL,NOBUILD,DF,10/10/2022,Merlin,10,,,,,,,,,Y,Yes,,New,,1,,,,,,,,,,,x
K48252,EL001,Elmatica AS Norway,4156359 PCB BIF 3AQ 29829 AAAA ed 02,21/09/2022,36,,8A,PV_BP_NE,,,,,Use CAC,,02,,,ML11a,OGEL,NOBUILD,SGJ,23/09/2022,Merlin,6,,,,,,,,,Y,Yes,,New,,1,,,,,,,,No,,,x
K48254,EL024,Elmatica AS Germany,4157942_2 TVMM1190058,22/09/2022,,,,16LYR,,,,,Use CAC,,2,,,ML5b,OGEL,NOBUILD,DF,24/10/2022,Merlin,16,,,,,,,,,Y,Yes,,Up Issue,,1,,,,,,,,,,,x
K48284,EL024,Elmatica AS Germany,V01 / PCBBiasTripod 500W rev1,03/10/2022,,,,PV_BP,,,,,Use Foil,,1,,,ML5b,OGEL,NOBUILD,NDB,08/10/2022,Atoy,2,,,,,,,,,Y,No,,New,,1,,,,,,,,,,,x
K48285,EL024,Elmatica AS Germany,V01/ Amplifier30WPCB rev1,03/10/2022,,,,PV_BP,,,,,Use Foil,,Rev1,,,ML5B,OGEL,NOBUILD,NDB,13/10/2022,Jen,2,,,,,,,,,Y,No,,New,,1,,,,,,,,,,,x
K48286,EL024,Elmatica AS Germany,V01/ Amplifier500WPCB rev1,03/10/2022,,,,PV_BP,,,46@OCT22,,Use Foil,,Rev1,,,ML5B,OGEL,NOBUILD,NDB,14/10/2022,Jen,2,,,,,,,,,Y,No,,New,,1,,,,,,,,,,,x
K48322,EL024,Elmatica AS Germany,30004856-001,18/10/2022,,,,PTH,,,,,Use CAC,,A,,,Ml10A,OGEL,NOBUILD,NDB,19/10/2022,Jen,2,,,,,,,,,Y,Yes,,New,,4,,,,,,,,,,,x
K48356,EL001,Elmatica AS Norway,4052897 739 34301 ABBA Ed.3,28/10/2022,,,,4LYR,,,,,Use CAC,,3,,,Ml5b,OGEL,NOBUILD,NDB,03/11/2022,Anne,4,,,,,,,,,Y,No,,New,,1,,,,,,,,,,,x
K48357,EL001,Elmatica AS Norway,4044004 3AQ24949AAAA Ed.04 PCB PIP,28/10/2022,,,,14LYR,,,,,Use CAC,,4,,,ML5b,OGEL,NOBUILD,DF,08/12/2022,Merlin,14,,,,,,,,,Y,No,,New,,1,,,,,,,,,,,x
K48375,EL024,Elmatica AS Germany,4168172 EP4306 now K48710,02/11/2022,,,,ml_pnl,18412,,,,Use Foil,,A,,,ML5b,OGEL,NOBUILD,TM,14/11/2022,Jen,4,,,,,,,,,Y,No,,New,,1,,,,,,,,,,,x
K48401,EL024,Elmatica AS Germany,8081156 8088702-002 A,17/11/2022,,,,PV_BP_NE,18357,,,,Use CAC,,A,,,ML 5a,OGEL,NOBUILD,NB,25/11/2022,Merlin,6,,,,,,,,,Y,No,,Re-Tool,,1,,,,,,,,,,,x
K48408,EL001,Elmatica AS Norway,4152910 TV8119T299 DO_000_A,21/11/2022,,,,6LYR,,,,,Use CAC,,No Iss,,,ML5a,OGEL,NOBUILD,TM,29/11/2022,Jen,6,,,,,,,,,Y,No,,Up Issue,,1,,,,,,,,,,,x
K48409,EL024,Elmatica AS Germany,EP4303B,21/11/2022,8,,48A,4LYR,,,,,Use Foil,x,B,,,ML5b,OGEL,NOBUILD,TM,25/11/2022,Anne,4,,,,,,,,,Y,No,,Up Issue,,1,,,,,,,,,,,x
K48452,EL001,Elmatica AS Norway,4118754 60272777-00 Rev. A ECB,12/12/2022,,,,PV_BP,,,,,Use CAC,,A,,,ML5b,OGEL,NOBUILD,NDB,15/12/2022,Anne,6,,,,,,,,,Y,No,,New,,1,,,,,,,,,,,x
K48457,EL001,Elmatica AS Norway,4164692 0442B03,14/12/2022,3,,19,4LYR,18513,,,,Use Foil,,No Iss,,,ML5b,OGEL,NOBUILD,TM,19/12/2022,Jen,4,,,,,,,,,Y,No,,New,,1,,,,,,,,,,,x
K48458,EL001,Elmatica AS Norway,4164698 3AQ24059AAAA Ed.01,14/12/2022,2,,19,8LYR,,,,,Use CAC,,01,,,ML5b,OGEL,NOBUILD,NDB,16/12/2022,Anne,8,,,,,,,,,Y,No,,New,,1,,,,,,,,,,,x
K48459,EL024,Elmatica AS Germany,ELM0093158 EP3354B1,14/12/2022,5,,28A,4LYR,,,,,Use CAC,,B1,,,ML9A,OGEL,NOBUILD,NDB,19/12/2022,Atoy,4,,Yes,,,,,,,Y,No,,Up Issue,,4,,,,,,,,,,,x
K48464,EL024,Elmatica AS Germany,TVK2192047 R2,15/12/2022,1,,45,PTH,,,88@NOV'23,,Use Foil,,R2,,,ML5b,OGEL,NOBUILD,NDB,20/12/2022,Anne,2,,,,,,,,,Y,No,,New,,1,,,,,,,,,,,x
K48465,EL024,Elmatica AS Germany,EP4974B,15/12/2022,13,,31B,PTH,,,,,Use Foil,,B,,,ML9A,OGEL,NOBUILD,NDB,16/12/2022,Anne,2,,,,,,,,,Y,No,,Up Issue,,4,,,,,,,,,,,x
K48473,EL001,Elmatica AS Norway,530725YY20011-03-00 REFERENCE OSCILLATOR MODULE PCB,21/12/2022,,,,PV_BP,,,,,Use Foil,,03,,,ML5b,OGEL,NOBUILD,TM,10/01/2023,Anne,4,,,,,,,,,Y,No,,Up Issue,,1,,,,,,,,,,,x
K48476,EL001,Elmatica AS Norway,540123YY20001-03-00 LO MODULE 21GHZ PCB,21/12/2022,,,,PV_PTFE,,,,,Use CAC,,03,,,ML5b,OGEL,NOBUILD,TM,10/02/2023,Anne,10,,,,,,,,,,Yes,,New,,1,,,,,,,,,,,x
K48478,EL001,Elmatica AS Norway,540122YY20001-04-00 LO MODULE 1 PCB,21/12/2022,,,,PV_PTFE,,,,,Use CAC,,04,,,Ml5b,OGEL,NOBUILD,TM,14/02/2023,Jen,10,,,,,,,,,,Yes,,New,,1,,,,,,,,,,,x
K48491,EL024,Elmatica AS Germany,2000002686  TVK1174336_R3,22/12/2022,4,,46,4LYR,,,,,Use Foil,,R3,,,ML5b,OGEL,NOBUILD,NDB,03/01/2023,Merlin,4,,,,,,,,,Y,No,,Re-Tool,,1,,,,,,,,,,,x
K48505,EL024,Elmatica AS Germany,ELM0093136 8081286 TVKM1170393 R3,05/01/2023,3,,40,PV_BP,,,,,Use Foil,,R3,,,ML5b,OGEL,NOBUILD,SGJ,19/01/2023,Merlin,6,,,,,,,,,Y,No,,Up Issue,,1,,,,,,,,No,,,x
K48516,EL024,Elmatica AS Germany,EP4145A,09/01/2023,,,,PTH,,,,,Use Foil,x,A,,,ML5b,OGEL,NOBUILD,NDB,11/01/2023,Jen,2,,,,,,,,,,No,,New,,1,,,,,,,,,,,x
K48522,EL024,Elmatica AS Germany,EP4152A,11/01/2023,,,,PTH,,,,,Use CAC,,A,,,ML5b,OGEL,NOBUILD,TM,16/01/2023,Atoy,2,,,,,,,,,Y,No,,New,,1,,,,,,,,,,,x
K48524,EL024,Elmatica AS Germany,EP4945B,11/01/2023,1,,41,4LYR,,,24@OCT'23,,Use CAC,,B,,,ML9A,OGEL,NOBUILD,NDB,12/01/2023,Jen,4,,,,,,,,,Y,No,,Up Issue,,4,,,,,,,,,,,x
K48535,EL024,Elmatica AS Germany,EP4067C,16/01/2023,,,,saab,,,,,Use CAC,,C,,,ML5b,OGEL,NOBUILD,DF,19/01/2023,Merlin,6,,,,,,,,,Y,No,,Up Issue,,1,,,,,,,,,,,x
K48536,EL024,Elmatica AS Germany,4170964_1 TVMM1190057_R1,16/01/2023,,,,PV_BP_EM,,,,,Use CAC,,R1,,,ML5b,OGEL,NOBUILD,DF,01/02/2023,Merlin,10,,,,,,,,,Y,No,,New,,1,,,,,,,,,,,x
K48537,NC005,NCAB Group Norway,6WA19395 GEC10072B,18/01/2023,10,,7B,ddx2_ibp,18352,,,,Use CAC,,B,,,ML5b,OGEL,NOBUILD,DF,26/01/2023,Merlin,6,,Yes,,,,,,,Y,Yes,,Up Issue,,1,,,,,,,,Yes,,,x
K48578,EL024,Elmatica AS Germany,EP4886C retool now K49769,27/01/2023,,,,PV_BP_NE,18806,,,,Use CAC,,C,,,Ml5b,OGEL,NOBUILD,TM,07/02/2023,Jen,6,,,,,,,,,Y,Yes,,Up Issue,,1,,,,,,,,,,,x
K48605,EL024,Elmatica AS Germany,33554016-01-0001 now K48747,07/02/2023,,,,10LYR,,,,,Use CAC,x,No Iss,,,ML5b,OGEL,NOBUILD,NDB,13/02/2023,Merlin,10,,,,,,,,,,No,,Re-Tool,,1,,,,,,,,,,,x
K48609,EL024,Elmatica AS Germany,4170238 TVMM1190049_P1A,07/02/2023,,,,PV_BP_NE,18376,,,,Use CAC,,P1A,,,ML5b,OGEL,NOBUILD,NDB,17/02/2023,Atoy,10,,,,,,,,,Y,No,,New,,1,,,,,,,,,,,x
K48615,EL024,Elmatica AS Germany,EP3098B,13/02/2023,,,,PTH,,,,,Use Foil,,B,,,ML4c,SIEL,NOBUILD,TM,17/02/2023,Anne,2,,,,,,,,,Y,,,New,,1,,,,,,,,,,,x
K48616,EL024,Elmatica AS Germany,4169941 EP4455B,13/02/2023,,,,4LYR,,,,,Use CAC,,B,,,ML5b,OGEL,NOBUILD,SGJ,16/02/2023,Merlin,4,,,,,,,,,Y,,,Re-Tool,,1,,,,,,,,No,,,x
K48621,EL024,Elmatica AS Germany,4170041_1 EP4851A,14/02/2023,9,,35A,PV_BPX,,,,,Use CAC,,A,,,ML9A,OGEL,NOBUILD,NDB,16/02/2023,Merlin,4,,,,,,,,,Y,No,,Repeat,,4,,,,,,,,,,,x
K48622,EL001,Elmatica AS Norway,4172538 3AQ 33921 AAAA PCB HUC upissue now K48854,15/02/2023,,,,PV_BPX,18373/18397,,,,Use CAC,,01,,,ML5b,OGEL,NOBUILD,NDB,17/02/2023,Jen,4,,,,,,,,,Y,Yes,,New,,1,,,,,,,,,,,x
K48623,EL024,Elmatica AS Germany,TVK2193061 R3 UKA101128/2,16/02/2023,,,,8LYR,,,,,Use CAC,,R3,,,ML5b,OGEL,NOBUILD,SGJ,22/02/2023,Merlin,8,,,,,,,,,Y,No,,Re-Tool,,1,,,,,,,,No,,,x
K48655,EL024,Elmatica AS Germany,2000005494 TVMM6410004 R4 retool now K48740,02/03/2023,,,,PV_BP,,,,,Use CAC,,R4,,,ML5b,OGEL,NOBUILD,DF,08/03/2023,Merlin,18,,,,,,,,,Y,No,,Up Issue,,1,,,,,,,,,,,x
K48675,EL024,Elmatica AS Germany,401010788 A1 PB Backplane DCDC,08/03/2023,1,,19B,4LYR,18502/18510,,,,Use CAC,,A/1,,,ML14,OGEL,NOBUILD,HM,14/03/2023,Atoy,4,,,,,,,,,Y,No,,New,,1,,,,,,,,,,,x
K48681,EL024,Elmatica AS Germany,401035729 A1 PB ARE,10/03/2023,,,,PTH,,,,,Use Foil,,A1,,,ML14,OGEL,NOBUILD,HM,13/03/2023,Anne,2,,,,,,,,,Y,No,,New,,1,,,,,,,,,,,x
K48688,NC002,NCAB Group Finland OY,LFSWEP4290C2,13/03/2023,1,,42B,6LYR,,,,,Use CAC,,C2,,,ML6A,OGEL,NOBUILD,HM,15/03/2023,Jen,6,,,SANMINA,,,,,,Y,No,,Up Issue,,4,,,,,,,,,,,x
K48709,EL024,Elmatica AS Germany,1860-5693 PCB HF-RECEIVER 03207220 REV.00 upissue now K48783,20/03/2023,,,,PTH,,3450@PRE/LPI,ON HOLD S,,Use CAC,,00,,,,Yes,NOBUILD,TM,24/03/2023,Anne,2,,,,,,,,,,No,,New,,,,,,,,,,,,,
K48701,EL024,Elmatica AS Germany,ELM0093572 1860-5153,16/03/2023,,,,PV_BP,,,,,Use Foil,,Rev B,,,ML10,SIEL,NOBUILD,DF,20/03/2023,Merlin,4,,,,,,,,,Y,No,,Re-Tool,,1,,,,,,,,,,,x
K48702,NC003,NCAB Group SWEDEN AB,ELM0093574 1860-5154,,,,,,,,,,,,,,,,,,,,,,,,,,,,,,,,,,,,,,,,,,,,,,
K48710,EL024,Elmatica AS Germany,ELM0004854 4168172 Rev 1,21/03/2023,2,,,ml_pnl,,,,,Use Foil,,A,,,ML5b,OGEL,K48710,NDB,21/03/2023,Merlin,4,,,,,,,,,Y,No,,Re-Tool,,4,,,,,,,,,,,x
K48714,EL024,Elmatica AS Germany,4173879 60271607-00 Rev.- PCB OPTICAL ENCODER also K49834,21/03/2023,,,,rt1,,,,,Use Foil,,No Iss,,,ML5b,OGEL,NOBUILD,TM,28/03/2023,Jen,2,,,,,,,,,Y,No,,New,,1,,,,,,,,,,,x
K48723,EL024,Elmatica AS Germany,TVM6303003R3,24/03/2023,,,,10Sx2_DD,18516,,,,Use CAC,,R3,,,ML5b,OGEL,NOBUILD,DF,05/04/2023,Merlin,10,,,,,,,,,Y,Yes,,New,,1,,,,,,,,Yes,,,x
K48740,EL024,Elmatica AS Germany,ELM0093659 4173916,28/03/2023,,,,PV_BP,19408,,,,Use CAC,,R4,,,ML10A,OGEL,NOBUILD,SGJ,19/06/2023,Merlin,18,,,,,,,,,Y,No,,Re-Tool,,4,,,,,,,,Yes,,,x
K48746,EL024,Elmatica AS Germany,4165653 PCB PC Board MT 756 2844915_B retool now K48806,30/03/2023,180,,45A,PTH,,,,,Use Foil,,1,,,ML5a,OGEL,NOBUILD,SGJ,15/05/2023,Merlin,2,,,,,,,,,Y,No,,Up Issue,,1,,,,,,,,No,,,x
K48747,NC003,NCAB Sweden,33554016-01-0001 Tented Vias,31/03/2023,28,,33A,PV_BP_NE,19320,,,,Use CAC,,No Iss,,,ML5b,OGEL,NOBUILD,NDB,31/03/2023,Merlin,10,,,,,,,,,Y,No,,Re-Tool,,4,,,,,,,,,,,x
K48753,EL001,Elmatica AS Norway,540122YY20001-04-00 LO MODULE 1 PCB,03/04/2023,,,,PV_PTFE,,,,,Use CAC,,04,,,ML5b,OGEL,NOBUILD,NDB,04/04/2023,Merlin,10,,,,,,,,,Y,,,Re-Tool,,1,,,,,,,,,,,x
K48754,EL001,Elmatica AS Norway,540123YY20001-03-00 LO MODULE 21GHZ PCB,03/04/2023,,,,PV_PTFE,,,,,Use CAC,,03,,,ML5b,OGEL,NOBUILD,NDB,06/04/2023,Merlin,10,,,,,,,,,Y,,,Re-Tool,,1,,,,,,,,,,,x
K48755,CO050,Confidee AS,4174564 60308140-00 Rev. - PCB DMU ADAPTER MAC13,03/04/2023,3,,20B,PV_BP_NE,,,,,Use CAC,,-,,,ML5b,OGEL,NOBUILD,HM,04/04/2023,Jen,8,,,,,,,,,Y,,,New,,1,,,,,,,,,,,x
K48756,CO050,Confidee AS,4174563 60308139-00 PCB DMU ADAPTER MAC12,03/04/2023,5,,17A,PV_BP_NE,,,,,Use CAC,,-,,,ML5b,OGEL,NOBUILD,TM,04/04/2023,Atoy,8,,,,,,,,,Y,,,New,,1,,,,,,,,,,,x
K48757,EL001,Elmatica AS Norway,4173996 PM_3AQ_26415_AAAA_04_PCM,03/04/2023,,,,PV_BP_NE,,,,,Use CAC,,04,,,ML5b,OGEL,NOBUILD,HM,05/04/2023,Anne,6,,,,,,,,,Y,,,New,,1,,,,,,,,,,,x
K48783,EL024,Elmatica AS Germany,1860-5824 PCB HF-RECEIVER 03207220 REV.01 upissue now K48935,12/04/2023,,,,PTH,,,,,,,01,,,,Yes,NOBUILD,,21/04/2023,Atoy,2,,,,,,,,,,No,,Up Issue,,,,,,,,,,,,,x
K48793,CO050,Confidee AS,4110944 60267467-00 REV.- PCB MEZALOK WCC HMI ADAPT,14/04/2023,,,,PV_BP_NE,,,,,Use CAC,,-,,,ML5b,OGEL,NOBUILD,HM,18/04/2023,Atoy,6,,,,,,,,,Y,No,,New,,1,,,,,,,,,,,x
K48794,CO050,Confidee AS,4174630 60256270-00 REV.A PCB MEZALOK ADAPTER CARD,14/04/2023,15,,21,4LYR,18509,,,,Use Foil,,A,,,ML5b,OGEL,NOBUILD,TM,09/05/2023,Anne,4,,,,,,,,,Y,No,,New,,1,,,,,,,,,,,x
K48799,EL001,Elmatica AS Norway,009007P1443 460057YY20121-03,18/04/2023,2,,18B,PV_BP,18490,,,,Use CAC,,03,,,ML5c,OGEL,NOBUILD,DF,21/04/2023,Merlin,18,,,,,,,,,Y,Yes,,Re-Tool,,1,,,,,,,,,,,x
K48801,EL024,Elmatica AS Germany,EP5080A,19/04/2023,7,,39A,PTH,,,,,Use CAC,,A,,,ML18A,OGEL,NOBUILD,TM,20/04/2023,Anne,2,,,,,,,,,Y,No,,New,,6,,,,,,,,,,,x
K48803,EL001,Elmatica AS Norway,PBY490.00,19/04/2023,12,,19A,PTH,,,,,Use Foil,,No Iss,,,ML5b,OGEL,NOBUILD,TM,21/04/2023,Atoy,2,,,,,,,,,Y,No,,New,,1,,,,,,,,,,,x
K48806,EL024,Elmatica AS Germany,4174620 PCB PC Board MT 756 2844915_B,20/04/2023,160,,20B,PTH,19246,,,,Use Foil,,1,,,ML5b,OGEL,NOBUILD,SGJ,16/05/2023,Merlin,2,,,,,,,,,Y,No,,Re-Tool,,1,,,,,,,,No,,,x
K48807,EL024,Elmatica AS Germany,4174622 PCB LIGHT/FDR 751 02771084_C upissue now K49221,20/04/2023,176,,21,PTH,,,,,Use Foil,,No Iss,,,ML5b,OGEL,NOBUILD,TM,09/05/2023,Jen,2,,,,,,,,,Y,No,,New,,1,,,,,,,,,,,x
K48809,NC003,NCAB Group SWEDEN AB,10W29059  5013177H  / TVKM1170345K,20/04/2023,,,,10LYR,,,,,Use Foil,,K,,,ML4A,OGEL,NOBUILD,NDB,28/04/2023,Merlin,10,,,,,,,,,Y,No,,Re-Tool,,6,,,,,,,,,,,x
K48811,NC003,NCAB Group SWEDEN AB,4W29061 401031216_A,20/04/2023,3,,40A,4LYR,,,,,Use Foil,,No Iss,,,ML,OGEL,NOBUILD,TM,25/04/2023,Atoy,4,,,,,,,,,Y,No,,New,,6,,,,,,,,,,,x
K48812,NC003,NCAB Group SWEDEN AB,4W29064 401031219_A,20/04/2023,5,,40B,4LYR,,,,,Use Foil,,No Iss,,,ML,OGEL,NOBUILD,TM,26/04/2023,Jen,4,,,,,,,,,Y,No,,New,,6,,,,,,,,,,,x
K48817,NC005,NCAB Group Norway,6WA19691 146309 601185 Ver4.0,21/04/2023,,,,PV_BP,,,,,Use Foil,,4,,,ML4b1,OGEL,NOBUILD,DF,28/04/2023,Merlin,6,,,,,,,,,Y,No,,New,,6,,,,,,,,,,,x
K48822,EL024,Elmatica AS Germany,401041146 PB DCDC retool now K48913,24/04/2023,2,,18A,PV_BP_NE,,,,,Use Foil,,1,,,ML9c,OGEL,NOBUILD,NDB,25/04/2023,Anne,6,,,,,,,,,Y,No,,New,,1,,,,,,,,,,,x
K48826,EL024,Elmatica AS Germany,DK-2490-0888-v1 PVV573A,25/04/2023,,,,PTFE,18646,,,,Use Foil,,v1,,,ML10,OGEL,NOBUILD,SGJ,11/05/2023,Merlin,2,,,,,,,,,Y,No,,New,,1,,,,,,,,No,,,x
K48833,EL024,Elmatica AS Germany,401041311A1 PB ITSB Retool now K48914,28/04/2023,6,,18B,4LYR,18501,,,,Use Foil,,A/1,,,ML9c,OGEL,NOBUILD,TM,02/05/2023,Atoy,4,,,,,,,,,Y,No,,New,,1,,,,,,,,,,,x
K48843,EL024,Elmatica AS Germany,ELM0093752 EP4932C,02/05/2023,3,,25A,6LYR,,,,,Use CAC,,C,,,ML5b,OGEL,NOBUILD,HM,04/05/2023,Anne,6,,,,,,,,,Y,Yes,,Up Issue,,1,,,,,,,,,,,x
K48854,EL001,Elmatica AS Norway,4172538 3AQ 33921 AAAA PCB HUC,04/05/2023,6,,20A,PV_BPX,18547,,,,Use Foil,,02,,,ML5b,OGEL,NOBUILD,NDB,09/05/2023,Jen,4,,,,,,,,,Y,Yes,,Up Issue,,1,,,,,,,,,,,x
K48863,EL024,Elmatica AS Germany,SXA1075700/13,05/05/2023,36,,21A,SS,,,,,Use CAC,,No Iss,,,ML5b,OGEL,NOBUILD,HM,11/05/2023,Atoy,1,,,,,,,,,,No,,Up Issue,,1,,,,,,,,,,,x
K48913,EL024,Elmatica AS Germany,1860-5827 401041146 REV.A UTG.,22/05/2023,4,,23A,PV_BP_NE,,,,,Use Foil,,1,,,ML9c,OGEL,NOBUILD,HM,23/05/2023,Anne,6,,,,,,,,,Y,No,,Re-Tool,,1,,,,,,,,,,,x
K48914,EL024,Elmatica AS Germany,1860-5700 401041311 REV.A UTG.1,22/05/2023,8,,21,4LYR,,,,,Use Foil,,1,,,ML5b,OGEL,NOBUILD,HM,23/05/2023,Jen,4,,,,,,,,,Y,No,,Re-Tool,,1,,,,,,,,,,,x
K48918,EL024,Elmatica AS Germany,ELM0093784 4174981,23/05/2023,21,,22B,4LYR,,,,,Use CAC,,R3,,,ML10A,OGEL,K45063,TM,12/06/2023,Atoy,4,,,,,,,,,Y,No,,Up Issue,,4,,,,,,,,,,,x
K48931,EL024,Elmatica AS Germany,EP4950C ELM0093832,25/05/2023,4,,25A,4LYR,,,,,Use Foil,,C,,,ML5b,OGEL,NOBUILD,HM,08/06/2023,Anne,4,,,,,,,,,Y,-,,New,,1,,,,,,,,,,,x
K48935,EL024,Elmatica AS Germany,1860-5826 HF-RECEIVER 03207220 REV.02,26/05/2023,350,,48,PTH,,,,,Use CAC,,02,,,ML4A,SIEL,K48783,TM,31/05/2023,Atoy,2,,,,,,,,,Y,No,,Up Issue,,2,,,,,,,,,,,x
K48936,EL024,Elmatica AS Germany,EP4282A ELM0093841,30/05/2023,4,,24A,4LYR,,,,,Use Foil,,A,,,ML5b,OGEL,NOBUILD,NDB,01/06/2023,Merlin,4,,,,,,,,,Y,No,,Re-Tool,,1,,,,,,,,,,,x
K48943,EL024,Elmatica AS Germany,EP4160D,31/05/2023,2,,24A,4LYR,,,,,Use Foil,,D,,,ML5b,OGEL,NOBUILD,TM,02/06/2023,Anne,4,,,,,,,,,Y,No,,New,,1,,,,,,,,,,,x
K48947,EL024,Elmatica AS Germany,EP4780B2,01/06/2023,,,,PV_BP,,,,,Use Foil,,B2,,,ML10A,OGEL,NOBUILD,SGJ,05/06/2023,Merlin,10,,,,,,,,,Y,No,,Up Issue,,4,,,,,,,,No,,,x
K48951,EL024,Elmatica AS Germany,EP4519C,01/06/2023,,,,PV_BP,18562,,,,Use CAC,,C,,,ML11,OGEL,NOBUILD,SGJ,07/06/2023,Merlin,10,,,,,,,,,Y,Yes,,Up Issue,,1,,,,,,,,No,,,x
K48953,EL024,Elmatica AS Germany,1860-5849 PCB BARREL TEMP SENSOR INTERFACE UNIT 03207192,02/06/2023,21,,25,PV_BP_NE,,,,,Use CAC,,00,,,ML18b,OGEL,NOBUILD,DF,07/06/2023,Merlin,4,,,,,,,,,Y,,,New,,1,,,,,,,,,,,x
K48954,EL024,Elmatica AS Germany,EP4832B1,03/06/2023,,,,PV_BP_NE,,,,,Use CAC,,B1,,,ML10A,OGEL,NOBUILD,TM,08/06/2023,Jen,8,,,,,,,,,Y,No,,Up Issue,,4,,,,,,,,,,,x
K48955,EL024,Elmatica AS Germany,E-MMP-0156 WBE_PCB_WRM_LED_DRIVER_1.0_10.21.54.0311.0,03/06/2023,,,,PTH,,,,,,,NO ISSUE,,,ML11a,OGEL,NOBUILD,,06/06/2023,Anne,2,,,,,,,,,,,,New,,1,,,,,,,,,,,x
K48956,EL024,Elmatica AS Germany,E-MMP-0152 WBE PCB WRM LED HOLDER 10.21.54.02.10.0,03/06/2023,,,,PTH,,,,,,,NO ISSUE,,,ML11a,OGEL,NOBUILD,,08/06/2023,Atoy,2,,,,,,,,,,,,New,,1,,,,,,,,,,,x
K48957,EL024,Elmatica AS Germany,E-MMP-0143 WBE PCB WRM WING CONN 10.19.51.05.00.0,03/06/2023,275,,11A,PTH,,,,,Use Foil,,NO ISSUE,,,ML11a,SIEL,NOBUILD,HMTM,26/06/2023,Anne,2,,,,,,,,,Y,,,New,,1,,,,,,,,,,,x
K48958,EL024,Elmatica AS Germany,ELM0093582 E-MMP-0141,03/06/2023,27,,22,PTH,,,,,Use Foil,,NO ISSUE,,,ML10C,SIEL,NOBUILD,HM,23/06/2023,Jen,2,,,,,,,,,Y,,,New,,2,,,,,,,,,,,x
K48964,CO050,Confidee AS,4160791 3AQ 32763 AAAA ED 04,06/06/2023,20,,38A,4LYR,,,,,Use CAC,,04,,,ML11a,OGEL,NOBUILD,DF,06/06/2023,Merlin,4,,,,,,,,,Y,Yes,,New,,1,,,,,,,,,,,x
K48976,EL024,Elmatica AS Germany,EP5099A,07/06/2023,10,,38B,PV_BP,,,,,Use CAC,,A,,,ML18A,OGEL,NOBUILD,TM,19/06/2023,Anne,10,,,,,,,,,Y,Yes,,New,,6,,,,,,,,,,,x
K48982,EL001,Elmatica AS Norway,4173228 60294807-00 Rev - PCB TRIGGER SWITCH CARD,09/06/2023,,,,PV_BPX,,,,,Use CAC,,Rev-,,,ML5A,OGEL,NOBUILD,NDB,13/06/2023,Atoy,4,,,,,,,,,Y,No,,Up Issue,,1,,,,,,,,,,,x
K49008,EL024,Elmatica AS Germany,4169970 ELM0093882 4169970 REV 1,15/06/2023,,,,PTH,,,,,Use Foil,,1,,,ML9A,OGEL,K43581,HM,28/06/2023,Atoy,2,,,,,,,,,Y,,,Re-Tool,,4,,,,,,,,,,,x
K49059,EL024,Elmatica GmBH,ELM0093891 4176162,26/06/2023,,,,PV_BP,,,,,Use CAC,,R3,,,ML10A,OGEL,NOBUILD,HM,21/07/2023,Atoy,8,,,,,,,,,Y,No,,New,,4,,,,,,,,,,,x
K49072,NC005,NCAB Group Norway,146347 Angle Sensors Rev.01,30/06/2023,20,,7A,PTH,19121,,,,Use Foil,x,01,,,ML 4b1,OGEL,NOBUILD,TM,05/07/2023,Jen,2,,,,,,,,,,No,,New,,6,,,,,,,,,,,x
K49075,EL001,Elmatica AS Norway,12WA22333 79015 3AQ21521AAAA_HC Ed.04,30/06/2023,,,,12LYR,,,,,Use CAC,,04,,,ML11a,OGEL,NOBUILD,DF,23/08/2023,Merlin,12,,,,,,,,,Y,No,,New,,6,,,,,,,,,,,x
K49080,CE017,Centum Electronics,T09EH064VER001 PPC Machining Power Conditioni,03/07/2023,48,,34,6LYR,,,,,Use CAC,,001,,,ML4a,SIEL,NOBUILD,NDB,14/07/2023,Merlin,6,,,,,,,,,Y,No,,Re-Tool,,2,,,,,,,,,,,x
K49090,EL024,Elmatica GmBH,30005056-001revA DTULB MAINBOARD R2,06/07/2023,,,,PV_BP,,,,,Use CAC,,A,,,ML11a,OGEL,NOBUILD,HM,10/07/2023,Jen,10,,,,,,,,,Y,No,,New,,1,,,,,,,,,,,x
K49093,EL024,Elmatica GmBH,1860-5698 PANEL BOARD 03076113 REV.00,10/07/2023,,,,8LYR,,,,,Use CAC,,00,,,ML2a,SIEL,NOBUILD,HM,13/07/2023,Anne,8,,,,,,,,,Y,No,,Up Issue,,1,,,,,,,,,,,x
K49097,EL024,Elmatica GmBH,1860-5699 MMI DC_DC CARD 02899186 REV.00,11/07/2023,24,,29A,PTH,,,,,Use CAC,,00,,,,SIEL,NOBUILD,HM,13/07/2023,Anne,2,,,,,,,,,Y,No,ITAR,New,,1,,,,,,,,,,,x
K49103,EL024,Elmatica GmBH,ELM0093953 EP4988B,12/07/2023,11,,41,PV_BP,,,,,Use CAC,,B,,,ML10A,OGEL,NOBUILD,SGJ,18/07/2023,Merlin,10,,,,,,,,,Y,Yes,ITAR,Up Issue,,4,,,,,,,,No,,,x
K49170,EL024,Elmatica GmBH,EP5083A,07/08/2023,,,,PTH,,,,,Use Foil,,A,,,ML5b,OGEL,NOBUILD,HM,15/08/2023,Anne,2,,,,,,,,,Y,No,,New,,1,,,,,,,,,,,x
K49188,EL024,Elmatica GmBH,ELM0093970 E-MMP-0205,11/08/2023,,,,4LYR,,,,,Use CAC,,No Iss,,,ML10C,SIEL,NOBUILD,TM,21/08/2023,Atoy,4,,,,,,,,,Y,No,,New,,2,,,,,,,,,,,x
K49213,CO050,Confidee AS,ART00776,23/08/2023,27,,12A,PV_BP_NE,,,,,Use CAC,,.,,,ML11a,OGEL,NOBUILD,DF,30/08/2023,Merlin,6,,Yes,,,,,,,Y,,,New,,1,,,,,,,,,,,x
K49221,EL024,Elmatica GmBH,4169198 Rev 1 Ign Circuit board/Delay 751 2771084_D,29/08/2023,200,,49,PTH,,,,,Use Foil,,1,,,ML4a,SIEL,K48807,HM,04/09/2023,Atoy,2,,,,,,,,,Y,No,ITAR,Up Issue,,1,,,,,,,,,,,x
K49239,NC003,NCAB Sweden,ELM0093992 TVKM2190114 R1,08/09/2023,1,,38A,PV_BP,,,,,Use CAC,,R1,,,ML5b,OGEL,NOBUILD,TM,12/09/2023,Atoy,6,,,,,,,,,Y,No,,New,,1,,,,,,,,,,,x
K49248,EL024,Elmatica GmBH,TVKM2190048 R3,14/09/2023,20,,5A,6LYR,,,,,Use CAC,x,R3,,,ML5b,OGEL,NOBUILD,DF,18/09/2023,Merlin,6,,,,,,,,,Y,No,ITAR,Up Issue,,1,,,,,,,,,,,x
K49250,EL024,Elmatica GmBH,TVK2192031 R1,14/09/2023,7,,39A,4LYR,,,,,Use CAC,,R1,,,ML5b,OGEL,NOBUILD,HM,19/09/2023,Anne,4,,,,,,,,,Y,No,,New,,1,,,,,,,,,,,x
K49255,EL024,Elmatica GmBH,TVK1174335 R3,15/09/2023,41,,3A,4LYR,,,,,Use Foil,,R3,,,ML5b,OGEL,NOBUILD,TM,20/09/2023,Atoy,4,,,,,,,,,Y,No,ITAR,New,,1,,,,,,,,,,,x
K49273,EL024,Elmatica GmBH,1860-5640 RBS15 JFP MPC ALC LM R2 401036731 REV.B UTG.3,22/09/2023,1,,41,PV_BP,,,,,Use CAC,,3,,,ML4a,SIEL,NOBUILD,NDB,28/09/2023,Atoy,12,,,,,,,,,Y,Yes,ITAR,Up Issue,,1,,,,,,,,,,,x
K49278,EL001,Elmatica AS Norway,412679 TVMR1092139 R1A,26/09/2023,22,,42,4LYR,,,,,Use CAC,,R1A,,,ML5b,OGEL,NOBUILD,DF,29/09/2023,Merlin,4,,,,,,,,,Y,No,,Re-Tool,,1,,,,,,,,,,,x
K49279,EL001,Elmatica AS Norway,412684 TVMR1092140 R1A,26/09/2023,48,,42,4LYR,,,,,Use Foil,,R1A,,,ML5b,OGEL,NOBUILD,DF,02/10/2023,Merlin,4,,,,,,,,,Y,No,,Re-Tool,,1,,,,,,,,,,,x
K49286,EL024,Elmatica GmBH,TVK1174736 R3,29/09/2023,5,,41A,4LYR,,,,,Use CAC,,R3,,,ML5b,OGEL,NOBUILD,HM,04/10/2023,Anne,4,,,,,,,,,Y,No,,New,,1,,,,,,,,,,,x
K49298,CO053,Confidee AB,ART01471 32-002-031-B Camera 32-002-031,03/10/2023,,,,8LYR,,,,,Use CAC,x,B,,,ML5d,OGEL,NOBUILD,TM,06/10/2023,Atoy,8,,,,,,,,,,No,ITAR,New,,1,,,,,,,,,,,x
K49299,CO053,Confidee AB,ART01497 32-002-040-B Sensor 32-002-040-B,04/10/2023,54,,42,6LYR,,,,,Use CAC,x,B,,,ML5d,OGEL,NOBUILD,TM,05/10/2023,Jen,6,,,,,,,,,,No,ITAR,New,,1,,,,,,,,,,,x
K49316,EL024,Elmatica GmBH,ELM0093826 TVKM1170204 R2,10/10/2023,17,,3A,8LYR,,,,,Use Foil,,R2,,,ML11a,OGEL,NOBUILD,HM,23/10/2023,Atoy,8,,,,,,,,,Y,No,,New,,1,,,,,,,,,,,x
K49321,EL024,Elmatica GmBH,EP4421B,11/10/2023,1,,43,6LYR,18769,,,,Use CAC,,B,,,ML5b,OGEL,NOBUILD,TM,18/10/2023,Jen,6,,,,,,,,,Y,Yes,,New,,1,,,,,,,,,,,x
K49322,EL024,Elmatica GmBH,EP4119A,11/10/2023,,,,PTH,,,112@SEP'24,,Use Foil,,A,,,ML5b,OGEL,NOBUILD,HM,12/10/2023,Anne,2,,,,,,,,,Y,No,,New,,1,,,,,,,,,,,x
K49326,EL024,Elmatica GmBH,EP4423A,12/10/2023,1,,45A,ML_IPA,,,,,Use CAC,,A,,,ML5b,OGEL,NOBUILD,HM,16/10/2023,Anne,12,,,,,,,,,Y,Yes,,New,,1,,,,,,,,,,,x
K49334,EL024,Elmatica GmBH,EP5140A,16/10/2023,,,,PTH,,,,,Use Foil,,A,,,ML9A,OGEL,NOBUILD,HM,17/10/2023,Anne,2,,,,,,,,,Y,No,,New,,4,,,,,,,,,,,x
K49354,EL024,Elmatica GmBH,ELM0094053 LFSWEP4732B,19/10/2023,1,,Despatch,4LYR,,,16@NOV'23,ON HOLD S,Use Foil,x,B,,,ML5b,OGEL,NOBUILD,NDB,30/10/2023,Merlin,4,,,,,,,,,,No,ITAR,Re-Tool,,1,,,,,,,,,,,x
K49358,EL024,Elmatica GmBH,8081264 EP4996A,19/10/2023,,,,DSNPTH,,,,,Use Foil,,A,,,ML5b,OGEL,NOBUILD,NDB,03/11/2023,Merlin,2,,,,,,,,,,No,,Up Issue,,1,,,,,,,,,,,x
K49372,NC005,NCAB Group Norway,4WA11964 9101909 SRIO Conn Crd 60238981-01,24/10/2023,20,,44A,4LYR,,,,,Use CAC,,-,,,ML18,OGEL,NOBUILD,SGJ,25/10/2023,Merlin,4,,,,,,,,,Y,No,,New,,6,,,,,,,,No,,,x
K49382,EL024,Elmatica GmBH,401043288 A1 METEOR_SPU_TEST_BOARD,26/10/2023,4,,44A,8LYR,,,,,Use CAC,,1,,,ML5d,OGEL,NOBUILD,NDB,26/10/2023,Anne,8,,,,,,,,,Y,No,ITAR,New,,1,,,,,,,,,,,x
K49389,CO050,Confidee AS,4178224 GEC10091B PCB,27/10/2023,12,,40A,PV_BP_NE,,,,,Use CAC,,B,,,ML11a,OGEL,NOBUILD,TM,03/11/2023,Anne,6,,,,,,,,,Y,No,ITAR,Up Issue,,1,,,,,,,,,,,x
K49393,EL024,Elmatica GmBH,1860-5642 RBS15 JFP MPC CBA LM R2 401036735 REV.B UTG.2,27/10/2023,,,,PV_BP,,,,,Use CAC,,B2,,,ML4A,SIEL,NOBUILD,TM,31/10/2023,Jen,16,,,,,,,,,Y,Yes,ITAR,Up Issue,,1,,,,,,,,,,,x
K49397,EL024,Elmatica GmBH,EP4337B2,31/10/2023,,,,8LYR,18801,,,,Use CAC,x,B2,,,ML5B,OGEL,NOBUILD,HM,01/11/2023,Anne,8,,,,,,,,,,No,,Up Issue,,4,,,,,,,,,,,x
K49398,EL024,Elmatica GmBH,2000004986 TVKM1170389 R1,31/10/2023,6,,49,4LYR,,,,,Use CAC,,R1,,,ML5b,OGEL,NOBUILD,TM,06/11/2023,Anne,4,,,,,,,,,Y,No,,New,,1,,,,,,,,,,,x
K49428,EL024,Elmatica GmBH,LFSWEP3915 EP3915C,08/11/2023,12,,36B,PTH,,,,,Use Foil,,C,,,ML11a,OGEL,NOBUILD,DF,30/11/2023,Merlin,2,,,,,,,,,Y,No,,Repeat,,1,,,,,,,,,,,x
K49431,EL024,Elmatica GmBH,LFSWEP4133B EP4133B,09/11/2023,,,,PTH,,,,ON HOLD S,Use Foil,,B,,,ML5b,OGEL,NOBUILD,DF,13/11/2023,Merlin,2,,,,,,,,,,No,ITAR,Repeat,,1,,,,,,,,,,,x
K49432,EL024,Elmatica GmBH,2000005601 TVKM2190113 R2,09/11/2023,,,,PV_BP,,,,,Use Foil,,R2,,,ML5b,OGEL,NOBUILD,SGJ,20/11/2023,Merlin,8,,,,,,,,,Y,No,ITAR,Up Issue,,1,,,,,,,,No,,,x
K49448,NC003,NCAB Sweden,ELM0086088 LFSWEP4364B,16/11/2023,,,,PTH,,,,,Use Foil,,B,,,ML5b,OGEL,NOBUILD,SGJ,01/12/2023,Merlin,2,,,,,,,,,Y,No,ITAR,Re-Tool,,1,,,,,,,,No,,,x
K49456,EL024,Elmatica GmBH,LFSWEP4133B EP4133B,20/11/2023,20,,48A,PTH,,,,,Use Foil,,B,,,ML5b,OGEL,NOBUILD,NDB,23/11/2023,Merlin,2,,,,,,,,,Y,No,ITAR,New,,1,,,,,,,,,,,x
K49466,EL024,Elmatica GmBH,LFSWEP3931_C1 EP3931_C1,23/11/2023,,,,10LYR,,,,,Use CAC,,C1,,,ML5b,OGEL,NOBUILD,SGJ,30/11/2023,Merlin,10,,,,,,,,,Y,No,ITAR,Re-Tool,,1,,,,,,,,No,,,x
K49536,NC003,NCAB Group SWEDEN AB,2W29652 4167101 REV 1,19/12/2023,45,,2,PTH,,,,,Use CAC,,1,,,ML4b,SIEL,NOBUILD,SGJ,05/01/2024,Merlin,2,,,,,,,,,Y,No,ITAR,Up Issue,,2,,,,,,,,No,,,x
K49538,NC003,NCAB Group SWEDEN AB,6W29657 2859930 - 2300792600,21/12/2023,6,,3,6LYR,,,,,Use Foil,,A,,,ML11a,OGEL,NOBUILD,SGJ,06/01/2024,Merlin,6,,,,,,,,,Y,No,ITAR,New,,4,,,,,,,,No,,,x
K49559,CO051,Confidee GmbH,ART01763 LAY49930E 1X5 Main Bus,05/01/2024,10,,4A,PV_BP_2,18949/18950,,,,Use CAC,,No Iss,,,ML9A1,OGEL,NOBUILD,DF,17/01/2024,Merlin,6,,,,,,,,,Y,No,,New,,4,,,,,,,,Yes,,,x
K49565,NC003,NCAB Group SWEDEN AB,8W29700 1860-5921,08/01/2024,,,,PV_BP,,,,,Use Foil,,A,,,ML10A,OGEL,NOBUILD,TM,25/01/2024,Anne,8,,,,,,,,,Y,No,ITAR,Up Issue,,4,,,,,,,,,,,x
K49575,EL024,Elmatica GmBH,TVMM6190006_R2 ADAPTERKORT 16-POLIG,10/01/2024,,,,PV_BP_EM,,,,,Use CAC,,R2,,,ML18A,OGEL,NOBUILD,DF,12/01/2024,Merlin,12,,,,,,,,,Y,No,ITAR,New,,6,,,,,,,,,,,x
K49588,EL024,Elmatica GmBH,TVKM2190089_R2 TS MOD TEST UNIT,15/01/2024,2,,6,etch_mas,18972,,,,Use Foil,,R2,,,ML18A,OGEL,NOBUILD,DF,19/01/2024,Merlin,8,,,,,,,,,Y,No,ITAR,New,,6,,,,,,,,,,,x
K49611,EL024,Elmatica GmBH,EP4153A,24/01/2024,4,,6A,PTH,,,,,Use CAC,,A,,,ML10A,OGEL,NOBUILD,TM,26/01/2024,Jen,2,,,,,,,,,Y,No,ITAR,New,,4,,,,,,,,,,,x
K49619,EL024,Elmatica GmBH,TVKM1170516_R2,26/01/2024,2,,27A,PV_BP,,,,,Use CAC,,R2,,,ML5b,OGEL,NOBUILD,TM,30/01/2024,Atoy,6,,,,,,,,,Y,No,,Up Issue,,4,,,,,,,,,,,x
K49621,EL024,Elmatica GmBH,"F1341-223941 MK CL, CONTROL LOGIC ELM0094113",26/01/2024,,,,8LYR,,,,,Use Foil,,4,,,ML4B,OGEL,NOBUILD,TM,15/02/2024,Anne,8,,,,,,,,,Y,No,,New,,6,,,,,,,,,,,x
K49630,CO053,Confidee AB,"ART02449 SKY-WATCH, ML-6 LAYERSky-Watch, ML-6 layer",30/01/2024,,,,PV_BP,,,,,Use CAC,,No Iss,,,ML10C,SIEL,NOBUILD,HM,02/02/2024,Anne,6,,,,,,,,,Y,No,,New,,2,,,,,,,,,,,x
K49643,EL024,Elmatica GmBH,ELM0094117 EP5153A,01/02/2024,7,,8,6LYR,,,,,Use Foil,,A,,,ML18,OGEL,NOBUILD,HM,05/02/2024,Jen,6,,,,,,,,,Y,No,ITAR,New,,6,,,,,,,,,,,x
K49644,EL024,Elmatica GmBH,ELM0094118 EP5156A,01/02/2024,18,,9,6LYR,,,,,Use Foil,,A,,,ML18,OGEL,NOBUILD,HM,07/02/2024,Anne,6,,,,,,,,,Y,No,,New,,6,,,,,,,,,,,x
K49645,EL024,Elmatica GmBH,ELM0094119 EP5157A,01/02/2024,6,,9,6LYR,,,,,Use Foil,,A,,,ML18,OGEL,NOBUILD,HM,12/02/2024,Jen,6,,,,,,,,,,No,ITAR,New,,6,,,,,,,,,,,x
K49691,CO053,Confidee AB,ART02515 47524 SP001107 V 1.0,12/02/2024,,,,PV_BP,19014,,,,Use CAC,,1,,,ML9A,OGEL,NOBUILD,HM,19/02/2024,Atoy,6,,,,,,,,,Y,Yes,,New,,4,,,,,,,,,,,x
K49693,CO053,Confidee AB,ART02439 16854 SP000931_0_MFG_220124,12/02/2024,4,,9,PV_BP_2N,,,,,Use CAC,,No Iss,,,ML9A,OGEL,NOBUILD,NDB,14/02/2024,Merlin,6,,,,,,,,,,Yes,,New,,4,,,,,,,,Yes,,,x
K49719,EL024,Elmatica GmBH,20002819 A  (ME59M0041947SAMP),19/02/2024,,,,8LYR,,,,,Use CAC,x,A,,,ML6A,OGEL,NOBUILD,NDB,20/02/2024,Merlin,8,,,,,,,,,Y,Yes,ITAR,Re-Tool,,4,,,,,,,,,,,x
K49736,NC003,NCAB Group SWEDEN AB,18W29799 4099121 Rev 1,22/02/2024,2,,28,PV_BPX,19325,,,,Use CAC,,1,,,Ml10A,OGEL,NOBUILD,NDB,15/04/2024,Merlin,18,,,,,,,,,Y,Yes,ITAR,New,,4,,,,,,,,,,,x
K49751,EL024,Elmatica GmBH,TVMM6050027_R1,27/02/2024,6,,35B,PV_BP,,,,,Use Foil,,R1,,,ML5b,OGEL,NOBUILD,DF,29/02/2024,Merlin,4,,,,,,,,,Y,No,,New,,4,,,,,,,,,,,x
K49752,NC003,NCAB Group SWEDEN AB,8W29822 5013616A ROAM117316 (TVKM1170316) Issue 2,27/02/2024,1,,19,PV_BP_NE,,,,,Use CAC,,R2,,,ML18,OGEL,NOBUILD,TM,24/04/2024,Anne,8,,,,,,,,,Y,No,,Up Issue,,6,,,,,,,,,,,x
K49753,NC003,NCAB Group SWEDEN AB,14W29821 5013615A,27/02/2024,,,,AUTAB1BP,19204/19226,,,,Use CAC,,A,,,ML18A,OGEL,NOBUILD,DF,04/03/2024,Merlin,14,,,,,,,,,Y,No,,New,,6,,,,,,,,,,,x
K49755,NC003,NCAB Group SWEDEN AB,6W29812 4099820 Issue A,28/02/2024,16,,30B,6LYR,,,,,Use CAC,,A,,,ML10A,OGEL,NOBUILD,DF,25/06/2024,Merlin,6,,,,,,,,,Y,Yes,,New,,4,,,,,,,,,,,x
K49769,NC002,NCAB Group Finland OY,ELM0093348 LFSWEP4886C,04/03/2024,30,,18B,PV_BP_NE,,,,,Use CAC,,C,,,ML5A,OGEL,NOBUILD,TM,27/03/2024,Merlin,6,,,,,,,,,Y,Yes,,Re-Tool,,4,,,,,,,,,,,x
K49779,NC008,NCAB France,FR14L10011 5000001231 PANEL FN-CORE_BOARD C2 5,06/03/2024,,,,14Sx4-L3,,,,,Use CAC,,-,,,ML5A,OGEL,NOBUILD,SGJ,19/03/2024,Merlin,14,,,,,,,,,Y,Yes,ITAR,New,,4,,,,,,,,Yes,,,x
K49796,CO050,Confidee AS,ART01585,08/03/2024,34,,39A,8LYR,19424,,,,Use CAC,,B,,,ML6A,OGEL,NOBUILD,NDB,19/03/2024,Merlin,8,,,,,,,,,Y,No,,New,,4,,,,,,,,,,,x
K49797,NC005,NCAB Group Norway,16WA20749 4180575 68093839-04 Rev.A,11/03/2024,1,,15A,PV_BP,,,,,Use CAC,,A,,,ML4A,OGEL,NOBUILD,DF,02/04/2024,Merlin,16,,,,,,,,,Y,Yes,ITAR,New,,6,,,,,,,,,,,x
K49798,NC005,NCAB Group Norway,10WA20500 4180099 60237825-02 Rev.B,11/03/2024,,,,PV_BP,,,,,Use Foil,,B,,,ML4A,OGEL,NOBUILD,DF,20/03/2024,Merlin,10,,,,,,,,,Y,No,ITAR,New,,6,,,,,,,,,,,x
K49812,NC003,NCAB Group SWEDEN AB,10W29826 5013245K Re-Tool now K50283,14/03/2024,,,,ml_pnl20,19193,,,,Use Foil,,K,,,ML4A,OGEL,NOBUILD,DF,10/04/2024,Merlin,10,,,,,,,,,Y,No,ITAR,Up Issue,,6,,,,,,,,,,,x
K49826,CO053,Confidee AB,ART03070 SP001051.1 VDS Carrier Board,22/03/2024,1,,14B,6LYR,19096,,,,Use CAC,x,1.1,,,ML5b,OGEL,NOBUILD,DF,26/03/2024,Merlin,6,,,,,,,,,Y,Yes,,Up Issue,,4,,,,,,,,,,,x
K49834,CO050,Confidee AS,ART04488,25/03/2024,,,,rt1,,,,,Use Foil,,No iss,,,ML5A,OGEL,NOBUILD,TM,22/04/2024,Merlin,2,,,,,,,,,Y,No,ITAR,Re-Tool,,4,,,,,,,,,,,x
K49863,NC003,NCAB Group SWEDEN AB,6W29927 4046831 Rev 5,02/04/2024,3,,19A,6LYR,19154,,,,Use Foil,,5,,,ML10A,OGEL,NOBUILD,HM,15/04/2024,Jen,6,,,,,,,,,Y,No,ITAR,New,,4,,,,,,,,,,,x
K49864,NC003,NCAB Group SWEDEN AB,8908240-021 (10W29924 4046774 Rev 5),02/04/2024,6,,23,10LYR,,,,,Use CAC,,A,,,ML10A,OGEL,NOBUILD,HM,29/05/2024,Jen,10,,,,,,,,,Y,No,ITAR,New,,4,,,,,,,,,,,x
K49907,NC003,NCAB Group SWEDEN AB,2W29981 LFSWEP4329C,15/04/2024,30,,21A,PTH,,,,,Use Foil,,C,,,ML5A,OGEL,NOBUILD,SGJ,16/05/2024,Merlin,2,,,,,,,,,Y,No,,New,,4,,,,,,,,No,,,x
K49911,CO051,Confidee GmbH,ART03143 CSMCCD825 PCB,15/04/2024,,,,8SPL_PV,,,,,,,No Iss,,,,Yes,,,,,8,,,,,,,,,,No,ITAR,New,,,,,,,,,,,,,x
K49914,CO051,Confidee GmbH,ART03144 MIMUCSM PCB,15/04/2024,,,,6PV,,,,,,,No Iss,,,,Yes,,,,,6,,,,,,,,,,No,,New,,,,,,,,,,,,,x
K49928,NC005,NCAB Group Norway,2WA19917 196134 Angle Sensors Rev.01,23/04/2024,40,,18A,PTH,,,,,Use Foil,,01,,,ML4A,OGEL,NOBUILD,TM,29/04/2024,Jen,2,,,,,,,,,Y,No,,New,,6,,,,,,,,,,,x
K49947,NC009,NCAB Group Benelux B.V.,D0833 XA3122P_REV A,29/04/2024,,,,1-47-10X,19295,,,,Use CAC,,A,,,ML6A,OGEL,NOBUILD,DF,16/05/2024,Merlin,10,,,,,,,,,Y,Yes,ITAR,New,,4,,,,,,,,,,,x
K49957,NC005,NCAB Group Norway,12WA21079 4181168 68095487.03 Rev A,01/05/2024,,,,PV_BP,,,,,Use CAC,,A,,,ML18A,OGEL,NOBUILD,SGJ,20/05/2024,Merlin,12,,,,,,,,,Y,Yes,,New,,6,,,,,,,,No,,,x
K49974,NC003,NCAB Group SWEDEN AB,8W28743 1860-5678,08/05/2024,1,,21,8LYR,,,,,Use CAC,,1 (rev A),,,ML18A,OGEL,NOBUILD,DF,16/05/2024,Merlin,8,,,,,,,,,,No,ITAR,New,,6,,,,,,,,,,,x
K49976,NC007,NCAB GROUP IBERIA S.A.U.,2S10351 AND00000440000043 0024770000201 PM00REV:A1,09/05/2024,,,,PTH,,,,,,,A1,,,,Yes,,,,,2,,,,,,,,,,No,,New,,,,,,,,,,,,,x
K50000,NC005,NCAB Group Norway,6WA22013 196135 601185 Ver.5.0,14/05/2024,,,,PV_BP,19207/19435,,,,Use Foil,,5,,,ML4A,OGEL,NOBUILD,TM,29/05/2024,Jen,6,,,,,,,,,Y,No,,New,,6,,,,,,,,,,,x
K50003,CO050,Confidee AS,ART03461 4183267 60312941-02 PCB DMU ADAPTER MAC13,15/05/2024,2,,23A,8LYR,,,,,Use CAC,,No Iss,,,ML18,OGEL,NOBUILD,DF,21/05/2024,Merlin,8,,,,,,,,,Y,No,,New,,6,,,,,,,,,,,x
K50004,CO050,Confidee AS,ART03462 4183269 60312941-01 PCB DMU ADAPTER MAC12,15/05/2024,,,,8LYR,,,,,Use CAC,,-,,,ML18A,OGEL,NOBUILD,DF,22/05/2024,Merlin,8,,,,,,,,,Y,No,ITAR,New,,6,,,,,,,,,,,x
K50010,NC008,NCAB France,FR10L10305 5000001308 PANEL DFDIG_PSB D2 1X,15/05/2024,,,,PV_BP,19199/19213/19223,,,,Use CAC,,D2,,,ML5A,OGEL,NOBUILD,DF,30/05/2024,Merlin,10,,,,,,,,,Y,Yes,ITAR,New,,4,,,,,,,,,,,x
K50011,NC003,NCAB Group SWEDEN AB,6W30086 1860-5950  JFP_POWC_MPC-IF 401031822 REV.B UTG.2,16/05/2024,5,,22A,PV_BP,,,,,Use Foil,,B/2,,,ML4A,OGEL,NOBUILD,HM,21/05/2024,Anne,6,,,,,,,,,Y,No,,New,,6,,,,,,,,,,,x
K50015,NC005,NCAB Group Norway,8WA22023 4047742 68095487-00 Rev .-,16/05/2024,,,,PV_BP_NE,,,,,Use CAC,,-,,,ML4A,OGEL,NOBUILD,DF,11/06/2024,Merlin,8,,,,,,,,,Y,Yes,ITAR,New,,6,,,,,,,,,,,x
K50020,NC003,NCAB Group SWEDEN AB,4W30097 1860-6256 JFP POWC CAPS 401031825,17/05/2024,,,,PV_BP,,,,,Use CAC,,B/2,,,ML4A,OGEL,NOBUILD,HM,22/05/2024,Jen,4,,,,,,,,,Y,No,,New,,6,,,,,,,,,,,x
K50026,NC003,NCAB Group SWEDEN AB,6W30118 1860-6259,22/05/2024,,,,PV_BP,19189,,,,Use CAC,,-,,,ML4A,OGEL,NOBUILD,SGJ,23/05/2024,Merlin,6,,,,,,,,,Y,No,ITAR,Up Issue,,6,,,,,,,,No,,,x
K50032,NC003,NCAB Group SWEDEN AB,10W30119 5013618A,23/05/2024,,,,PV_BP,,,,,Use CAC,,A,,,ML18,OGEL,NOBUILD,TM,29/05/2024,Jen,10,,,,,,,,,Y,No,,New,,6,,,,,,,,,,,x
K50033,NC003,NCAB Group SWEDEN AB,10W30121 5013619A TVMM6190020 R2,23/05/2024,,,,10LYR,19306,,,,Use Foil,,B,,,ML18,OGEL,NOBUILD,HM,29/05/2024,Anne,10,,,,,,,,,Y,No,ITAR,New,,6,,,,,,,,,,,x
K50036,NC005,NCAB Group Norway,4WA22046 4107598 68069350-00 Rev C,28/05/2024,,,,4LYR,,,,,Use CAC,,C,,,ML4A,OGEL,NOBUILD,NDB,28/05/2024,Anne,4,,,,,,,,,Y,No,,New,,6,,,,,,,,,,,x
K50037,NC005,NCAB Group Norway,6WA22047 4118943 68093684-00 Rev C,28/05/2024,10,,22B,6LYR,,,,,Use Foil,,C,,,ML4A,OGEL,NOBUILD,NDB,28/05/2024,Atoy,6,,,,,,,,,Y,No,,New,,6,,,,,,,,,,,x
K50038,NC005,NCAB Group Norway,16WA22048 4118369 68093384-03 Rev. B,28/05/2024,,,,PV_BP,,,,,Use CAC,,B,,,ML4A,OGEL,NOBUILD,SGJ,10/06/2024,Merlin,16,,,,,,,,,Y,Yes,,New,,6,,,,,,,,No,,,x
K50040,NC003,NCAB Group SWEDEN AB,12W30128 1860-5949 401045493 Rev A / Issue 1,29/05/2024,2,,24,PV_BP,19210,,,,Use CAC,,A / 1,,,ML4A,OGEL,NOBUILD,HM,04/06/2024,Anne,12,,,,,,,,,Y,No,,New,,6,,,,,,,,,,,x
K50052,CO050,Confidee AS,ART01582,31/05/2024,,,,PV_BP,,,,,Use CAC,,No Iss,,,ML6A,OGEL,NOBUILD,TM,24/06/2024,Merlin,4,,,,,,,,,Y,No,ITAR,Re-Tool,,4,,,,,,,,,,,x
K50055,CO050,Confidee AS,ART03753 9103347-2 (PCB 60237033-01 Rev B POWER),03/06/2024,1,,40B,PV_BP,19469,,,,Use Foil,,B,,,ML4A,SIEL,NOBUILD,DF,05/09/2024,Merlin,8,,,,,,,,,Y,No,,New,,2,,,,,,,,,,,x
K50136,NC003,NCAB Group SWEDEN AB,2W30177 4093202 Rev 1 (8902279-001 Issue 001),26/06/2024,,,,PTH,,,,,Use CAC,,Rev 1,,,ML10A,OGEL,NOBUILD,NDB,02/07/2024,Merlin,2,,,,,,,,,Y,No,,New,,4,,,,,,,,,,,x
K50151,NC009,NCAB Group Benelux B.V.,D1386 XA3178 ECU iMX8 carrier b,27/06/2024,,,,PV_BP,19286/19299/19337,,,,Use CAC,,A,,,ML6A,OGEL,NOBUILD,SGJ,03/07/2024,Merlin,10,,,,,,,,,Y,Yes,,New,,4,,,,,,,,No,,,x
K50157,CO053,Confidee AB,ART03875 4184862 Rev 1 PC Board MT 756 02844915_B,28/06/2024,16,,40B,PTH,19483,,,,Use Foil,,Rev 1,,,ML3A,SIEL,NOBUILD,SGJ,24/09/2024,Merlin,2,,,,,,,,,Y,No,,New,,2,,,,,,,,No,,,x
K50159,NC009,NCAB Group Benelux B.V.,AA0998-A D1301,01/07/2024,,,,4LYR,,,,,Use CAC,,A,,,ML6A,OGEL,NOBUILD,NDB,11/07/2024,Merlin,4,,,,,,,,,Y,No,,New,,4,,,,,,,,,,,x
K50160,NC009,NCAB Group Benelux B.V.,AA1002-A D1302,01/07/2024,,,,6LYR,,,,,Use CAC,,A,,,ML6A,OGEL,NOBUILD,NDB,11/07/2024,Merlin,6,,,,,,,,,Y,Yes,,New,,4,,,,,,,,,,,x
K50161,NC009,NCAB Group Benelux B.V.,AA1004-A D1303,01/07/2024,,,,4LYR,,,,,Use Foil,,A,,,ML6A,OGEL,NOBUILD,NDB,12/07/2024,Merlin,4,,,,,,,,,Y,No,,New,,4,,,,,,,,,,,x
K50162,NC003,NCAB Group SWEDEN AB,12W19577 12AD0029 Rev C DGOC,01/07/2024,2,,29,PV_BP,19288,,,,Use CAC,,C,,,ML6A,OGEL,NOBUILD,SGJ,05/07/2024,Merlin,12,,,,,,,,,Y,Yes,,New,,4,,,,,,,,No,,,x
K50163,NC003,NCAB Group SWEDEN AB,12W24567 12AD0029 Rev D DGOC,01/07/2024,2,,30B,PV_BP,19296,,,,Use CAC,,D,,,ML6A,OGEL,NOBUILD,SGJ,06/07/2024,Merlin,12,,,,,,,,,Y,Yes,,New,,4,,,,,,,,,,,x
K50166,NC003,NCAB Group SWEDEN AB,12W19578 13AD0007 Rev B S2G,02/07/2024,5,,30,PV_BP,,,,,Use CAC,,B,,,ML6A,OGEL,NOBUILD,SGJ,09/07/2024,Merlin,12,,,,,,,,,Y,Yes,,New,,4,,,,,,,,No,,,x
K50167,NC003,NCAB Group SWEDEN AB,8903260-031-A 10W30197 4098926 Rev 1,02/07/2024,,,,10LYR,,,,,Use CAC,,1,,,ML10A,OGEL,NOBUILD,HM,22/08/2024,Anne,10,,,,,,,,,Y,No,,New,,4,,,,,,,,,,,x
K50169,CO053,Confidee AB,ART04001 4110766 PCB 8909240-021,03/07/2024,9,,43A,6LYR,,,,,Use Foil,,Rev 1,,,ML10A,OGEL,NOBUILD,DF,09/10/2024,Merlin,6,,,,,,,,,Y,No,,New,,4,,,,,,,,,,,x
K50170,CO053,Confidee AB,ART04002 4118430 PCB AGM65 8902264-021,03/07/2024,,,,10LYR,,,,,Use CAC,,Rev 1,,,ML10A,OGEL,NOBUILD,HM,22/07/2024,Anne,10,,,,,,,,,Y,No,,New,,4,,,,,,,,,,,x
K50171,CO053,Confidee AB,ART04003 4118469 PCB AIM9 8902263-021,03/07/2024,,,,10LYR,19436,,,,Use CAC,,Rev 1,,,ML10A,OGEL,NOBUILD,HM,22/07/2024,Jen,10,,,,,,,,,Y,No,,New,,4,,,,,,,,,,,x
K50175,NC005,NCAB Group Norway,6WA22225 9103618 5530-06-0220,04/07/2024,,,,PV_BP,19349/19361/19366,,,,Use CAC,,1-0,,,ML18A,OGEL,NOBUILD,SGJ,26/07/2024,Merlin,6,,,,,,,,,Y,Yes,,New,,6,,,,,,,,No,,,x
K50176,NC005,NCAB Group Norway,6WA22226 9103619 5531-06-0220 DSAD Carrie,04/07/2024,1,,30B,PV_BP,,,,,Use CAC,,No Iss,,,ML18A,OGEL,NOBUILD,DF,18/07/2024,Merlin,6,,,,,,,,,Y,Yes,,New,,6,,,,,,,,,,,x
K50178,NC003,NCAB Group SWEDEN AB,4W30202 EP5027B,05/07/2024,2,,30A,PV_BP,19324,,,,Use CAC,,B,,,ML10A,OGEL,NOBUILD,DF,09/07/2024,Merlin,4,,,,,,,,,Y,No,,Up Issue,,6,,,,,,,,,,,x
K50179,NC007,NCAB GROUP IBERIA S.A.U.,8S14459D 837ET112000 PEB BOARD PCB,05/07/2024,9,,32,8LYR,19357,,,,Use CAC,,1,,,ML15D,OGEL,NOBUILD,DF,10/07/2024,Merlin,8,,,,,,,,,Y,Yes,,New,,4,,,,,,,,,,,x
K50180,NC007,NCAB GROUP IBERIA S.A.U.,4S14460D 837ET121900 PPB PCB,05/07/2024,3,,30,4LYR,19312,,16@JUL'24,,Use CAC,,1,,,ML15D,OGEL,NOBUILD,DF,12/07/2024,Merlin,4,,,,,,,,,Y,Yes,,New,,5,,,,,,,,,,,x
K50187,NC005,NCAB Group Norway,14WA22247 4185820 68114085-02 Rev. -,08/07/2024,4,,30B,14Sx2-BP,19348/19357,,,,Use CAC,x,Rev. -,,,ML4A,OGEL,NOBUILD,DF,18/07/2024,Merlin,14,,,,,,,,,Y,Yes,ITAR,New,,6,,,,,,,,Yes,,,x
K50189,CO050,Confidee AS,ART03950 64009516_-,09/07/2024,,,,PV_BPX,,,,,Use CAC,,-,,,ML18A,OGEL,NOBUILD,TM,17/07/2024,Atoy,4,,,,,,,,,Y,Yes,,New,,5,,,,,,,,,,,x
K50191,NC003,NCAB Group SWEDEN AB,4127194,09/07/2024,,,,SS,,,,,Use Foil,,1/A,,,ML10A,OGEL,NOBUILD,SGJ,30/07/2024,Merlin,1,,,,,,,,,,No,,Up Issue,,4,,,,,,,,No,,,x
K50219,NC007,NCAB GROUP IBERIA S.A.U.,8S14508D 837ET131000,22/07/2024,18,,34,8LYR,19401,,,,Use Foil,,1,,,ML15D,OGEL,NOBUILD,SGJ,01/08/2024,Merlin,8,,,,,,,,,Y,Yes,,New,,4,,,,,,,,No,,,x
K50235,TH021,Thales Nederland B.V.,Apply Silkscreen,26/07/2024,,,,thales_i,,,,,Use Foil,,1,,,ML5b,OGEL,NOBUILD,NDB,20/08/2024,Merlin,2,,,,,,,,,,,,,,4,,,,,,,,,,,x
K50236,RE008,Renishaw PLC,M-9961-1051-01 A RLD CABLE ADAPTOR RIGID PCB,29/07/2024,,,,PTH,,,,,Use CAC,,A,,,ML10A,OGEL,NOBUILD,HM,30/07/2024,Atoy,2,,,,,,,,,Y,No,,New,,4,,,,,,,,,,,x
K50283,NC003,NCAB Group SWEDEN AB,10W30277 8081320,16/08/2024,,,,ml_pnl20,19515,,,,Use Foil,,K,,,ML5b,OGEL,NOBUILD,DF,07/10/2024,Merlin,10,,,,,,,,,Y,No,,Re-Tool,,4,,,,,,,,,,,x
K50298,NC005,NCAB Group Norway,4WA22321 4045914 60222605-00,21/08/2024,,,,4LYR,,,,,Use Foil,x,C,,,ML5b,OGEL,NOBUILD,HM,27/08/2024,Anne,4,,,,,,,,,,No,,New,,4,,,,,,,,,,,x
K50300,NC003,NCAB Group SWEDEN AB,8W30282 4118106,21/08/2024,,,,8LYR,,,,,Use Foil,,1,,,ML10A,OGEL,NOBUILD,TM,04/09/2024,Jen,8,,,,,,,,,Y,No,,Up Issue,,4,,,,,,,,,,,x
K50301,NC003,NCAB Group SWEDEN AB,10W30284 4118503,21/08/2024,3,,40,10LYR,,,,,Use CAC,,1,,,ML10A,OGEL,NOBUILD,TM,04/09/2024,Atoy,10,,,,,,,,,Y,No,,New,,4,,,,,,,,,,,x
K50302,NC003,NCAB Group SWEDEN AB,4W30290 4183037 (TVKM2190071 R3),21/08/2024,,,,4LYR,,,,,Use CAC,,1,,,ML5b,OGEL,K46685,HM,06/09/2024,Atoy,4,,Yes,,,,,,,Y,No,,Re-Tool,,4,,,,,,,,,,,x
K50325,CO050,Confidee AS,ART04482 TEST SAMPLE 9101936-3 Test sample 60271328-00-C,30/08/2024,,,,PV_BP_P,,,,,Use Foil,x,C,,,,Yes,NOBUILD,DF,04/09/2024,Merlin,8,,,,,,,,,Y,No,,New,,,,,,,,,,,,,x
K50326,NC003,NCAB Group SWEDEN AB,2W30305 8408220-004 A,30/08/2024,20,,38A,PTH,,,,,Use Foil,,A,,,ML10A,OGEL,NOBUILD,SGJ,06/09/2024,Merlin,2,,Yes,,,,,,,Y,No,,New,,4,,,,,,,,No,,,x
K50328,NC003,NCAB Group SWEDEN AB,2W30313 8081953,30/08/2024,,,,PTH,,,,,Use Foil,,No Iss,,,ML2A,SIEL,NOBUILD,HM,20/09/2024,Anne,2,,,,,,,,,,No,,Up Issue,,2,,,,,,,,,,,x
K50347,NC003,NCAB Group SWEDEN AB,16W30333 EP4989A Rev A,06/09/2024,,,,PV_BP,19458/19459,,,,Use CAC,,A,,,ML10A,OGEL,NOBUILD,TM,16/09/2024,Anne,16,,,,,,,,,Y,Yes,,New,,4,,,,,,,,,,,x
K50349,NC003,NCAB Group SWEDEN AB,ELM0083002 8081196,06/09/2024,,,,4LYR,,,,,Use Foil,,2,,,ML5b,OGEL,NOBUILD,TM,28/10/2024,Merlin,4,,,,,,,,,,No,,Re-Tool,,4,,,,,,,,,,,x
K50350,NC003,NCAB Group SWEDEN AB,10W30332 5013177I,09/09/2024,,,,ml_pnl20,19520,,,,Use Foil,,L,,,ML4A,OGEL,NOBUILD,DF,10/10/2024,Merlin,10,,,,,,,,,Y,No,,Up Issue,,6,,,,,,,,,,,x
K50368,NC003,NCAB Group SWEDEN AB,4W30343 5013388F,16/09/2024,,,,PV_BPX,,,,,Use CAC,,6,,,,SIEL,NOBUILD,HM,18/09/2024,Atoy,4,,,,,,,,,Y,No,,New,,1,,,,,,,,,,,x
K50369,NC003,NCAB Group SWEDEN AB,6W30345 5013396F,16/09/2024,,,,PV_BPX,,,,,Use CAC,,6,,,,SIEL,NOBUILD,TM,19/09/2024,Anne,6,,,,,,,,,Y,No,,New,,1,,,,,,,,,,,x
K50373,NC007,NCAB GROUP IBERIA S.A.U.,4S14633D 236000349 FD EXT V2.0,17/09/2024,,,,4LYR,,,,,,,2,,,ML11A,OGEL,NOBUILD,,18/09/2024,Anne,4,,,,,,,,,,No,,New,,4,,,,,,,,,,,x
K50379,NC003,NCAB Group SWEDEN AB,8W30354 401038903_A,19/09/2024,5,,44A,8LYR,19494/19500,,,,Use CAC,,A,,,ML18A,OGEL,NOBUILD,HM,23/09/2024,Jen,8,,,,,,,,,Y,No,ITAR,New,,6,,,,,,,,,,,x
K50383,CO050,Confidee AS,ART04608 4184347 PCB SDU LMM Power State 64003256-01 Rev.-,20/09/2024,,,,4PV,,,,,,,No Iss,,,,Yes,,,,,4,,,,,,,,,,No,ITAR,New,,,,,,,,,,,,,x
K50384,NC003,NCAB Group SWEDEN AB,10W30361 EP5212A,23/09/2024,9,,42,PV_BP,19471,,,,Use CAC,,A,,,ML18a,OGEL,NOBUILD,HM,25/09/2024,Jen,10,,,,,,,,,Y,Yes,,New,,6,,,,,,,,,,,x
K50385,NC003,NCAB Group SWEDEN AB,ELM0073957 8081110,23/09/2024,,,,6PV,,,,,,,3,,,ML5b,OGEL,K50385,,,,6,,,,,,,,,,No,,Re-Tool,,4,,,,,,,,,,,x
K50396,NC005,NCAB Group Norway,6WA22455 196285 Controller board 601185,26/09/2024,,,,PV_BP,,,,,Use Foil,,No Iss,,,ML9A,OGEL,NOBUILD,DF,01/10/2024,Merlin,6,,,,,,,,,Y,No,,Up Issue,,4,,,,,,,,,,,x
K50401,NC005,NCAB Group Norway,4WA22321 4045914 60222605-00 Rev C,27/09/2024,,,,4LYR,,,,,Use Foil,,C,,,ML5A,OGEL,NOBUILD,SGJ,01/10/2024,Merlin,4,,,,,,,,,Y,No,,Up Issue,,4,,,,,,,,No,,,x
K50404,CO050,Confidee AS,ART04739 196280 PCB KDA SIP FAB 1/UP 6L,27/09/2024,,,,6LYR,,,,,Use CAC,,-,,,ML9A,OGEL,NOBUILD,SGJ,29/10/2024,Merlin,6,,,,,,,,,,No,,New,,4,,,,,,,,No,,,x
K50410,NC003,NCAB Group SWEDEN AB,16W30378 EP4990A,30/09/2024,,,,PV_BP,19522,,,,Use CAC,,A,,,ML10A,OGEL,NOBUILD,NDB,17/10/2024,Merlin,16,,,,,,,,,,Yes,,New,,4,,,,,,,,,,,x
K50412,CO050,Confidee AS,ART04573 9102048-3 PCB 22-10024-06.1,30/09/2024,,,,PV_BPX,,,,,Use CAC,,3,,,ML5b,OGEL,NOBUILD,NDB,18/10/2024,Merlin,6,,,,,,,,,,Yes,,Re-Tool,,4,,,,,,,,,,,x
K50422,NC003,NCAB Group SWEDEN AB,4W30381 TVKM1170606 P1A,02/10/2024,14,,41,4LYR,,,,,Use CAC,,A,,,ML,OGEL,NOBUILD,SGJ,03/10/2024,Merlin,4,,,,,,,,,Y,No,,New,,6,,,,,,,,No,,,x
K50442,NC003,NCAB Group SWEDEN AB,6W30395 5013627A,08/10/2024,,,,PV_BP,,,,,Use CAC,,No Iss,,,ML5b,OGEL,NOBUILD,HM,16/10/2024,Atoy,6,,,,,,,,,,No,,New,,4,,,,,,,,,,,x
K50444,NC003,NCAB Group SWEDEN AB,2W30396 401031225_B,08/10/2024,,,,PTH,,,,,Use Foil,,B,,,,Yes,NOBUILD,TM,17/10/2024,Anne,2,,,,,,,,,Y,No,,Up Issue,,,,,,,,,,,,,x
K50452,CO050,Confidee AS,ART04570 9102050A PCB 22-10025-02HX128IP-IO RevB,14/10/2024,,,,4LYR,,,,,,,B,,,ML5b,OGEL,NOBUILD,SGJ,31/10/2024,Merlin,4,,,,,,,,,,Yes,,New,,4,,,,,,,,No,,,x
K50454,CO050,Confidee AS,ART04701 9101875 PCB 64006094-00,14/10/2024,,,,6PV,,,,,,,No Iss,,,ML18a,OGEL,,,,,6,,,,,,,,,,No,,New,,5,,,,,,,,,,,x
K50478,CO050,Confidee AS,ART04941 9103621 64003337-01-,21/10/2024,,,,PTH,,,,,Use CAC,,No Iss,,,,Yes,NOBUILD,DF,31/10/2024,Merlin,2,,,,,,,,,,No,,New,,,,,,,,,,,,,x
K50508,NC007,NCAB GROUP IBERIA S.A.U.,2S14730DU 250ET650000 BAT_SWITCH_PCB,28/10/2024,,,,PTH,,,,,Use Foil,,-,,,,Yes,NOBUILD,SGJ,31/10/2024,Merlin,2,,,,,,,,,,No,,New,,,,,,,,,,No,,,x
